-- phpMyAdmin SQL Dump
-- version 3.5.8.2
-- http://www.phpmyadmin.net
--
-- Host: localhost
-- Generation Time: Oct 29, 2014 at 07:15 AM
-- Server version: 5.5.40-36.1-log
-- PHP Version: 5.4.23

SET SQL_MODE="NO_AUTO_VALUE_ON_ZERO";
SET time_zone = "+00:00";


/*!40101 SET @OLD_CHARACTER_SET_CLIENT=@@CHARACTER_SET_CLIENT */;
/*!40101 SET @OLD_CHARACTER_SET_RESULTS=@@CHARACTER_SET_RESULTS */;
/*!40101 SET @OLD_COLLATION_CONNECTION=@@COLLATION_CONNECTION */;
/*!40101 SET NAMES utf8 */;

--
-- Database: `maritim8_cv`
--

-- --------------------------------------------------------

--
-- Table structure for table `colorschemes`
--

DROP TABLE IF EXISTS `colorschemes`;
CREATE TABLE IF NOT EXISTS `colorschemes` (
  `id` int(11) NOT NULL AUTO_INCREMENT,
  `name` varchar(32) NOT NULL,
  `scheme` text NOT NULL,
  `additionalCSS` text NOT NULL,
  `order` int(11) NOT NULL,
  `inactive` tinyint(1) NOT NULL DEFAULT '0',
  PRIMARY KEY (`id`)
) ENGINE=InnoDB  DEFAULT CHARSET=utf8 AUTO_INCREMENT=5 ;

--
-- Dumping data for table `colorschemes`
--

INSERT INTO `colorschemes` (`id`, `name`, `scheme`, `additionalCSS`, `order`, `inactive`) VALUES
(1, 'mz', '<!--css\r\n|#|-->\r\n.cs-mz.email-content{font-family:Tahoma,Arail,sans-serif;color:#295e60;background:#effdff;background:-moz-linear-gradient(top,#effdff 0,#fcfeff 100%);background:-webkit-gradient(linear,left top,left bottom,color-stop(0%,#effdff),color-stop(100%,#fcfeff));background:-webkit-linear-gradient(top,#effdff 0,#fcfeff 100%);background:-o-linear-gradient(top,#effdff 0,#fcfeff 100%);background:-ms-linear-gradient(top,#effdff 0,#fcfeff 100%);background:linear-gradient(to bottom,#effdff 0,#fcfeff 100%);filter:progid:DXImageTransform.Microsoft.gradient(startColorstr=''#effdff'', endColorstr=''#fcfeff'', GradientType=0)}\r\n.cs-mz.email-content a{color:#0083ae}\r\n.cs-mz.email-content h1{font-size:26px;font-family:Georgia,serif;color:#0d1519;text-transform:none}\r\n.cs-mz.email-content h2{font-size:20px;font-family:Georgia,serif;color:#0d1519;letter-spacing:normal;text-transform:none}\r\n.cs-mz.email-content h3{font-size:17px;font-family:Georgia,serif;color:#0d1519}\r\n.cs-mz.email-content h4{font-size:18px;font-family:''Times New Roman'',serif;font-style:italic;letter-spacing:normal;color:#0d1519;text-transform:none}\r\n.cs-mz.email-content strong{color:#1c9490}\r\n<!--|@|\r\ndiv\r\n|#|\r\nfont-family:Tahoma,Arail,sans-serif;color:#295e60;background:#effdff;background:-moz-linear-gradient(top,#effdff 0,#fcfeff 100%);background:-webkit-gradient(linear,left top,left bottom,color-stop(0%,#effdff),color-stop(100%,#fcfeff));background:-webkit-linear-gradient(top,#effdff 0,#fcfeff 100%);background:-o-linear-gradient(top,#effdff 0,#fcfeff 100%);background:-ms-linear-gradient(top,#effdff 0,#fcfeff 100%);background:linear-gradient(to bottom,#effdff 0,#fcfeff 100%);filter:progid:DXImageTransform.Microsoft.gradient(startColorstr=''#effdff'', endColorstr=''#fcfeff'', GradientType=0);\r\n|@|\r\na\r\n|#|\r\ncolor:#0083ae;\r\n|@|\r\nh1\r\n|#|\r\nfont-size:26px;font-family:Georgia,serif;color:#0d1519;text-transform:none;\r\n|@|\r\nh2\r\n|#|\r\nfont-size:20px;font-family:Georgia,serif;color:#0d1519;letter-spacing:normal;text-transform:none;\r\n|@|\r\nh3\r\n|#|\r\nfont-size:17px;font-family:Georgia,serif;color:#0d1519;\r\n|@|\r\nh4\r\n|#|\r\nfont-size:18px;font-family:''Times New Roman'',serif;font-style:italic;letter-spacing:normal;color:#0d1519;text-transform:none;\r\n|@|\r\nstrong\r\n|#|\r\ncolor:#1c9490;-->', '.cs-mz.template-color .one{background: #effdff}\r\n.cs-mz.template-color .two{background: #0083ae}\r\n.cs-mz.template-color .three{background: #1c9490}\r\n.cs-mz.template-color .four{background: #295e60}', 2, 0),
(2, 'exp', '<!--css\r\n|#|-->\r\n.cs-exp.email-content{font-family:''Segoe UI'',Tahoma,Arail,sans-serif;color:#666;background: #f5f5f5;\r\nbackground: -moz-linear-gradient(top,  #f5f5f5 0%, #ffffff 100%);\r\nbackground: -webkit-gradient(linear, left top, left bottom, color-stop(0%,#f5f5f5), color-stop(100%,#ffffff));\r\nbackground: -webkit-linear-gradient(top,  #f5f5f5 0%,#ffffff 100%);\r\nbackground: -o-linear-gradient(top,  #f5f5f5 0%,#ffffff 100%);\r\nbackground: -ms-linear-gradient(top,  #f5f5f5 0%,#ffffff 100%);\r\nbackground: linear-gradient(to bottom,  #f5f5f5 0%,#ffffff 100%);\r\nfilter: progid:DXImageTransform.Microsoft.gradient( startColorstr=''#f5f5f5'', endColorstr=''#ffffff'',GradientType=0);}\r\n.cs-exp.email-content a{color:#F56B28}\r\n.cs-exp.email-content h1{font-size:26px;font-family:''Segoe UI'',sens-serif;color:#0d1519;text-transform:none}\r\n.cs-exp.email-content h2{font-size:20px;font-family:''Segoe UI'',sens-serif;color:#0d1519;letter-spacing:normal;text-transform:none}\r\n.cs-exp.email-content h3{font-size:17px;font-family:''Segoe UI'',sens-serif;color:#0d1519}\r\n.cs-exp.email-content h4{font-size:18px;font-family:''Segoe UI'',sens-serif;font-style:italic;letter-spacing:normal;color:#0d1519;text-transform:none}\r\n.cs-exp.email-content strong{color:#0093be}\r\n<!--|@|\r\ndiv\r\n|#|\r\nfont-family:''Segoe UI'',Tahoma,Arail,sans-serif;color:#666;background: #f5f5f5;\r\nbackground: -moz-linear-gradient(top,  #f5f5f5 0%, #ffffff 100%);\r\nbackground: -webkit-gradient(linear, left top, left bottom, color-stop(0%,#f5f5f5), color-stop(100%,#ffffff));\r\nbackground: -webkit-linear-gradient(top,  #f5f5f5 0%,#ffffff 100%);\r\nbackground: -o-linear-gradient(top,  #f5f5f5 0%,#ffffff 100%);\r\nbackground: -ms-linear-gradient(top,  #f5f5f5 0%,#ffffff 100%);\r\nbackground: linear-gradient(to bottom,  #f5f5f5 0%,#ffffff 100%);\r\nfilter: progid:DXImageTransform.Microsoft.gradient( startColorstr=''#f5f5f5'', endColorstr=''#ffffff'',GradientType=0);\r\n|@|\r\na\r\n|#|\r\ncolor:#F56B28;\r\n|@|\r\nh1\r\n|#|\r\nfont-size:26px;font-family:''Segoe UI'',sens-serif;color:#0d1519;text-transform:none\r\n|@|\r\nh2\r\n|#|\r\nfont-size:20px;font-family:''Segoe UI'',sens-serif;color:#0d1519;letter-spacing:normal;text-transform:none;\r\n|@|\r\nh3\r\n|#|\r\nfont-size:17px;font-family:''Segoe UI'',sens-serif;color:#0d1519;\r\n|@|\r\nh4\r\n|#|\r\nfont-size:18px;font-family:''Segoe UI'',sens-serif;font-style:italic;letter-spacing:normal;color:#0d1519;text-transform:none;\r\n|@|\r\nstrong\r\n|#|\r\ncolor:#0093be;-->', '.cs-exp.template-color .one { background: #DDD }\r\n.cs-exp.template-color .two { background: #F56B28 }\r\n.cs-exp.template-color .three { background: #0093be }\r\n.cs-exp.template-color .four { background: #666 }', 3, 0),
(3, 'eco', '<!--css\r\n|#|-->\r\n.cs-eco.email-content{font-family:Arail,sans-serif;color:#44504C;background: #fcfcfc;\r\nbackground: -moz-linear-gradient(top,  #fcfcfc 0%, #f5f9ef 100%);\r\nbackground: -webkit-gradient(linear, left top, left bottom, color-stop(0%,#fcfcfc), color-stop(100%,#f5f9ef));\r\nbackground: -webkit-linear-gradient(top,  #fcfcfc 0%,#f5f9ef 100%);\r\nbackground: -o-linear-gradient(top,  #fcfcfc 0%,#f5f9ef 100%);\r\nbackground: -ms-linear-gradient(top,  #fcfcfc 0%,#f5f9ef 100%);\r\nbackground: linear-gradient(to bottom,  #fcfcfc 0%,#f5f9ef 100%);\r\nfilter: progid:DXImageTransform.Microsoft.gradient( startColorstr=''#fcfcfc'', endColorstr=''#f5f9ef'',GradientType=0 );}\r\n.cs-eco.email-content a{color:#35A887}\r\n.cs-eco.email-content h1{font-size:26px;font-family:''Times New Roman'',Georgia,serif;color:#46892F;text-transform:none}\r\n.cs-eco.email-content h2{font-size:20px;font-family:''Times New Roman'',Georgia,serif;color:#0d1519;letter-spacing:normal;text-transform:none}\r\n.cs-eco.email-content h3{font-size:17px;font-family:Georgia,serif;color:#0d1519}\r\n.cs-eco.email-content h4{font-size:18px;font-family:''Times New Roman'',serif;font-style:italic;letter-spacing:normal;color:#0d1519;text-transform:none}\r\n.cs-eco.email-content strong{color:#46892F}\r\n<!--|@|\r\ndiv\r\n|#|\r\nbackground: -moz-linear-gradient(top,  #fcfcfc 0%, #f5f9ef 100%);\r\nbackground: -webkit-gradient(linear, left top, left bottom, color-stop(0%,#fcfcfc), color-stop(100%,#f5f9ef));\r\nbackground: -webkit-linear-gradient(top,  #fcfcfc 0%,#f5f9ef 100%);\r\nbackground: -o-linear-gradient(top,  #fcfcfc 0%,#f5f9ef 100%);\r\nbackground: -ms-linear-gradient(top,  #fcfcfc 0%,#f5f9ef 100%);\r\nbackground: linear-gradient(to bottom,  #fcfcfc 0%,#f5f9ef 100%);\r\nfont-family:Arail,sans-serif;color:#44504C;background: #fcfcfc;\r\n|@|\r\na\r\n|#|\r\ncolor:#35A887;\r\n|@|\r\nh1\r\n|#|\r\nfont-size:26px;font-family:''Times New Roman'',Georgia,serif;color:#46892F;text-transform:none;\r\n|@|\r\nh2\r\n|#|\r\nfont-size:20px;font-family:''Times New Roman'',Georgia,serif;color:#0d1519;letter-spacing:normal;text-transform:none;\r\n|@|\r\nh3\r\n|#|\r\nfont-size:17px;font-family:Georgia,serif;color:#0d1519;\r\n|@|\r\nh4\r\n|#|\r\nfont-size:18px;font-family:''Times New Roman'',serif;font-style:italic;letter-spacing:normal;color:#0d1519;text-transform:none;\r\n|@|\r\nstrong\r\n|#|\r\ncolor:#46892F;-->', '.cs-eco.template-color .one{background: #EEE}\r\n.cs-eco.template-color .two{background: #35A887}\r\n.cs-eco.template-color .three{background: #46892F}\r\n.cs-eco.template-color .four{background: #44504C}', 4, 0),
(4, 'default', '', '.cs-default.template-color .one{background: #effdff}\r\n.cs-default.template-color .two{background: #0083ae}\r\n.cs-default.template-color .three{background: #1c9490}\r\n.cs-default.template-color .four{background: #657073}', 1, 0);

-- --------------------------------------------------------

--
-- Table structure for table `companies`
--

DROP TABLE IF EXISTS `companies`;
CREATE TABLE IF NOT EXISTS `companies` (
  `id` int(11) NOT NULL AUTO_INCREMENT,
  `name` varchar(255) NOT NULL,
  PRIMARY KEY (`id`)
) ENGINE=InnoDB  DEFAULT CHARSET=utf8 AUTO_INCREMENT=104 ;

--
-- Dumping data for table `companies`
--

INSERT INTO `companies` (`id`, `name`) VALUES
(1, 'A-Crew Management International'),
(2, 'A1 Lighghouse of the Black Sea'),
(3, 'Adriatico Mariupol'),
(4, 'AG Maritime company'),
(5, 'Baltic Sea Management1'),
(6, 'Baltik Maritime Consulting OU'),
(7, 'Bibby Ship Management1'),
(8, 'Caravella Odessa'),
(9, 'New Orlean Companies'),
(15, 'Caravella Odessa New'),
(21, 'Baltik Maritime Consulting OU'),
(25, 'New Orlean Companies'),
(35, 'A-Crew Management International New'),
(36, 'A1 Lighghouse of the Black Sea New'),
(51, 'Pinkevych INK'),
(67, 'Pinkevych work INK'),
(84, 'Microsteps'),
(101, 'FHD'),
(102, 'America Captains'),
(103, 'New comp ');

-- --------------------------------------------------------

--
-- Table structure for table `countries`
--

DROP TABLE IF EXISTS `countries`;
CREATE TABLE IF NOT EXISTS `countries` (
  `region` char(2) NOT NULL,
  `country` char(2) NOT NULL,
  `id` int(2) NOT NULL AUTO_INCREMENT,
  PRIMARY KEY (`id`)
) ENGINE=InnoDB  DEFAULT CHARSET=utf8 AUTO_INCREMENT=53 ;

--
-- Dumping data for table `countries`
--

INSERT INTO `countries` (`region`, `country`, `id`) VALUES
('bs', 'lv', 1),
('bs', 'lt', 2),
('bs', 'ee', 3),
('eu', 'at', 4),
('eu', 'be', 5),
('eu', 'bg', 6),
('eu', 'hu', 7),
('eu', 'uk', 8),
('eu', 'gr', 9),
('eu', 'de', 10),
('eu', 'dk', 11),
('eu', 'it', 12),
('eu', 'ie', 13),
('eu', 'es', 14),
('me', 'cy', 15),
('eu', 'lu', 16),
('eu', 'lt', 18),
('eu', 'mt', 19),
('eu', 'nl', 20),
('eu', 'pt', 21),
('eu', 'pl', 22),
('eu', 'ro', 23),
('eu', 'si', 24),
('eu', 'sk', 25),
('eu', 'fr', 26),
('eu', 'fi', 27),
('eu', 'hr', 28),
('eu', 'cz', 29),
('eu', 'se', 30),
('ru', 'ru', 32),
('ua', 'ua', 33),
('ne', 'md', 34),
('ne', 'by', 35),
('eu', 'bg', 36),
('eu', 'cz', 37),
('eu', 'hu', 38),
('eu', 'pl', 39),
('eu', 'ro', 40),
('eu', 'sk', 41),
('eu', 'lt', 42),
('eu', 'ee', 44),
('eu', 'hr', 45),
('me', 'ge', 46),
('as', 'sg', 47),
('as', 'ph', 48),
('as', 'in', 49),
('as', 'id', 50),
('eu', 'ch', 51),
('eu', 'en', 52);

-- --------------------------------------------------------

--
-- Table structure for table `emailQueue`
--

DROP TABLE IF EXISTS `emailQueue`;
CREATE TABLE IF NOT EXISTS `emailQueue` (
  `id` int(11) NOT NULL AUTO_INCREMENT,
  `queueId` int(11) NOT NULL DEFAULT '0',
  `emailTemplate` int(11) DEFAULT NULL,
  `address` varchar(255) NOT NULL,
  `datetimeIn` datetime NOT NULL,
  `datetimeOut` datetime DEFAULT NULL,
  `inQueue` tinyint(1) NOT NULL DEFAULT '1',
  PRIMARY KEY (`id`),
  KEY `fk_emailQueue_emailTemplate_idx` (`emailTemplate`),
  KEY `fk_emailQueue_queueId_idx` (`queueId`)
) ENGINE=InnoDB  DEFAULT CHARSET=cp1250 AUTO_INCREMENT=296 ;

--
-- Dumping data for table `emailQueue`
--

INSERT INTO `emailQueue` (`id`, `queueId`, `emailTemplate`, `address`, `datetimeIn`, `datetimeOut`, `inQueue`) VALUES
(91, 1, 3, 'sassweee@m.o', '2014-09-12 16:39:12', '2014-10-22 17:59:32', 0),
(92, 2, 3, 'sassweee@m.o', '2014-09-22 15:14:10', NULL, 0),
(93, 3, 3, 'sassweee@m.o', '2014-09-22 15:23:07', '2014-09-22 15:23:11', 0),
(94, 4, 3, 'sassweee@m.o', '2014-09-22 15:23:41', '2014-10-22 15:30:40', 0),
(95, 5, 3, 'sassweee@m.o', '2014-09-22 15:37:09', '2014-10-22 15:30:42', 0),
(96, 6, 3, 'sassweee@m.o', '2014-09-22 15:38:58', '2014-10-22 15:53:34', 0),
(97, 7, 3, 'sassweee@m.o', '2014-09-22 15:51:44', '2014-10-22 15:53:36', 0),
(98, 8, 3, 'sassweee@m.o', '2014-09-22 15:52:26', '2014-10-22 15:53:38', 0),
(99, 9, 3, 'sa@m.o', '2014-09-22 15:55:25', '2014-10-22 15:53:39', 0),
(100, 10, 3, 'sassweee@m.o', '2014-09-26 19:54:52', NULL, 0),
(101, 11, 1, 'pinchoalex@gmail.com', '2014-10-22 15:22:48', '2014-10-22 16:23:00', 0),
(102, 12, 3, 'pinchoalex@gmail.com', '2014-10-22 15:29:01', '2014-10-22 15:53:45', 0),
(103, 13, 3, 'pinchoalex@gmail.com', '2014-10-22 15:30:36', NULL, 0),
(104, 14, 3, 'pinkevych@outsourcing-ukraine.com', '2014-10-23 16:25:31', NULL, 0),
(105, 15, 3, 'pinkevych@outsourcing-ukraine.com', '2014-10-23 16:29:24', NULL, 0),
(106, 16, 3, 'pinkevych@outsourcing-ukraine.com', '2014-10-23 17:36:27', NULL, 0),
(107, 17, 3, 'pinkevych@outsourcing-ukraine.com', '2014-10-23 17:42:14', NULL, 0),
(108, 18, 3, 'dsfdfs@dfsdf.com', '2014-10-24 08:38:23', NULL, 0),
(109, 19, 3, 'apinkevych@dgmail.com', '2014-10-24 09:16:35', NULL, 0),
(110, 20, 3, 'df@dfsdf.com', '2014-10-24 09:38:38', NULL, 0),
(111, 21, 3, 'sd@sd.co', '2014-10-24 09:47:13', NULL, 0),
(112, 22, 3, 'sd@sd.co', '2014-10-24 09:58:54', NULL, 0),
(113, 23, 3, 'sd@sd.co', '2014-10-24 10:04:25', NULL, 0),
(114, 24, 3, 'sd@sd.co', '2014-10-24 10:17:03', NULL, 0),
(115, 25, 3, 'sd@sd.co', '2014-10-24 10:18:39', NULL, 0),
(116, 26, 3, 'sd@sd.co', '2014-10-24 10:20:41', NULL, 0),
(117, 27, 3, 'sd@sd.co', '2014-10-24 10:24:51', NULL, 0),
(118, 28, 3, 'sd@sd.co', '2014-10-24 10:57:38', NULL, 0),
(119, 29, 3, 'sd@sd.co', '2014-10-24 11:06:16', NULL, 0),
(120, 30, 3, 'pinchoalex@gmail.com', '2014-10-24 11:14:45', NULL, 0),
(121, 31, 3, 'frey@bk.ru', '2014-10-24 11:20:30', NULL, 0),
(122, 32, 3, 'frey@bk.ru', '2014-10-24 11:21:52', NULL, 0),
(123, 33, 3, 'pinchoalexEX@gmai.com', '2014-10-24 11:51:52', '2014-10-24 13:31:29', 0),
(124, 34, 4, 'email2d1@m.ru', '2014-10-24 11:52:27', NULL, 0),
(125, 34, 4, 'pinchoalex@gmail.com', '2014-10-24 11:52:27', '2014-10-24 15:36:50', 0),
(126, 35, 3, 'frey@bk.ru', '2014-10-24 12:01:26', NULL, 0),
(127, 36, 3, 'frey@bk.ru', '2014-10-24 12:02:18', NULL, 0),
(128, 37, 3, 'pinchoalexEX@gmai.com', '2014-10-24 12:06:44', NULL, 0),
(129, 38, 3, 'pinchoalexEX@gmai.com', '2014-10-24 12:51:48', '2014-10-24 13:01:49', 0),
(130, 39, 5, 'pinchoalexEX@gmai.com', '2014-10-24 15:36:50', NULL, 0),
(131, 40, 3, 'pinchoalexEX@gmai.com', '2014-10-24 15:48:23', '2014-10-27 10:13:15', 0),
(132, 41, 3, 'sd@sd.co', '2014-10-24 15:49:41', '2014-10-27 10:13:15', 0),
(133, 42, 3, 'sd@sd.co', '2014-10-27 10:02:07', NULL, 0),
(134, 43, 4, 'email2d1@m.ru', '2014-10-27 10:09:58', NULL, 0),
(135, 43, 4, 'pinchoalex@gmail.com', '2014-10-27 10:09:58', NULL, 0),
(136, 44, 3, 'pinchoalex@gmail.com', '2014-10-27 10:21:05', '2014-10-27 10:21:29', 0),
(137, 45, 4, 'email1@m.ru', '2014-10-27 10:21:18', NULL, 0),
(138, 45, 4, 'email6@m.ru', '2014-10-27 10:21:18', NULL, 0),
(139, 45, 4, 'email4New@gmail.ru', '2014-10-27 10:21:18', NULL, 0),
(140, 45, 4, 'pinchoalex@gmail.com', '2014-10-27 10:21:18', NULL, 0),
(141, 46, 3, 'sd@sd.co', '2014-10-27 10:28:00', '2014-10-27 10:28:15', 0),
(142, 47, 4, 'pinchoalex@gmail.com', '2014-10-27 10:28:08', '2014-10-27 10:35:25', 0),
(143, 48, 5, 'sd@sd.co', '2014-10-27 10:35:25', '2014-10-27 10:36:08', 0),
(144, 49, 3, 'pinchoalex@gmail.com', '2014-10-27 10:52:23', '2014-10-27 10:52:39', 0),
(145, 50, 4, 'pinchoalex@gmail.com', '2014-10-27 10:52:31', '2014-10-27 10:53:43', 0),
(146, 51, 5, 'pinchoalex@gmail.com', '2014-10-27 10:53:43', '2014-10-27 11:01:16', 0),
(147, 52, 3, 'sd@sd.co', '2014-10-27 11:00:51', '2014-10-27 11:01:16', 0),
(148, 53, 4, 'pinchoalex@gmail.com', '2014-10-27 11:00:59', '2014-10-27 11:11:12', 0),
(149, 54, 3, 'sd@sd.co', '2014-10-27 11:05:52', '2014-10-27 11:09:59', 0),
(150, 55, 4, 'pinchoalex@gmail.com', '2014-10-27 11:06:08', '2014-10-27 11:11:15', 0),
(151, 56, 5, 'sd@sd.co', '2014-10-27 11:11:12', '2014-10-27 11:11:43', 0),
(152, 57, 5, 'sd@sd.co', '2014-10-27 11:11:15', '2014-10-27 11:11:44', 0),
(153, 58, 3, 'sd@sd.co', '2014-10-27 11:13:18', '2014-10-27 11:13:32', 0),
(154, 59, 4, 'pinchoalex@gmail.com', '2014-10-27 11:13:24', '2014-10-27 11:36:30', 0),
(155, 60, 4, 'pinchoalex@gmail.com', '2014-10-27 11:32:13', '2014-10-27 11:36:34', 0),
(156, 61, 5, 'sd@sd.co', '2014-10-27 11:36:30', '2014-10-27 11:39:23', 0),
(157, 62, 5, 'sd@sd.co', '2014-10-27 11:36:34', '2014-10-27 11:39:23', 0),
(158, 63, 3, 'sd@sd.co', '2014-10-27 11:54:04', '2014-10-27 11:54:23', 0),
(159, 64, 4, 'pinchoalex@gmail.com', '2014-10-27 11:54:14', '2014-10-27 11:54:27', 0),
(160, 65, 5, 'sd@sd.co', '2014-10-27 11:54:27', '2014-10-27 11:56:55', 0),
(161, 66, 3, 'dsfdfs@dfsdf.com', '2014-10-27 11:56:38', '2014-10-27 11:56:55', 0),
(162, 67, 4, 'pinchoalex@gmail.com', '2014-10-27 11:56:45', '2014-10-27 11:56:57', 0),
(163, 68, 5, 'dsfdfs@dfsdf.com', '2014-10-27 11:56:57', '2014-10-27 11:57:56', 0),
(164, 69, 3, 'sd@sd.co', '2014-10-27 12:00:06', '2014-10-27 12:00:31', 0),
(165, 70, 4, 'pinchoalex@gmail.com', '2014-10-27 12:00:15', '2014-10-27 12:00:32', 0),
(166, 71, 5, 'sd@sd.co', '2014-10-27 12:00:32', '2014-10-27 12:09:36', 0),
(167, 72, 3, 'test@gmail.com', '2014-10-27 12:09:21', '2014-10-27 12:09:36', 0),
(168, 73, 4, 'pinkevych@outsourcing-ukraine.com', '2014-10-27 12:09:29', '2014-10-27 12:09:36', 0),
(169, 74, 5, 'test@gmail.com', '2014-10-27 12:09:36', '2014-10-27 12:11:08', 0),
(170, 75, 3, 'dsfdfs@dfsdf.com', '2014-10-27 12:12:00', '2014-10-27 12:12:29', 0),
(171, 76, 4, 'pinchoalex@gmail.com', '2014-10-27 12:12:12', '2014-10-27 12:12:31', 0),
(172, 76, 4, 'pinkevych@outsourcing-ukraine.com', '2014-10-27 12:12:12', '2014-10-27 12:12:32', 0),
(173, 77, 5, 'dsfdfs@dfsdf.com', '2014-10-27 12:12:32', '2014-10-27 12:13:30', 0),
(174, 78, 3, 'pinchoalex@gmail.com', '2014-10-27 12:17:38', '2014-10-27 12:17:55', 0),
(175, 79, 4, 'pinchoalex@gmail.com', '2014-10-27 12:17:47', '2014-10-27 12:17:56', 0),
(176, 79, 4, 'pinkevych@outsourcing-ukraine.com', '2014-10-27 12:17:47', '2014-10-27 12:17:56', 0),
(177, 80, 5, 'pinchoalex@gmail.com', '2014-10-27 12:17:56', '2014-10-27 12:22:01', 0),
(178, 81, 3, 'pinchoalex@gmail.com', '2014-10-27 13:15:54', '2014-10-27 13:16:21', 0),
(179, 82, 4, 'pinchoalex@gmail.com', '2014-10-27 13:16:12', '2014-10-27 13:49:21', 0),
(180, 82, 4, 'pinkevych@outsourcing-ukraine.com', '2014-10-27 13:16:12', '2014-10-27 13:49:22', 0),
(181, 83, 3, 'sd@sd.co', '2014-10-27 13:20:00', '2014-10-27 13:20:21', 0),
(182, 84, 4, 'pinchoalex@gmail.com', '2014-10-27 13:20:13', '2014-10-27 13:49:28', 0),
(183, 84, 4, 'pinkevych@outsourcing-ukraine.com', '2014-10-27 13:20:13', '2014-10-27 13:49:32', 0),
(184, 85, 5, 'pinchoalex@gmail.com', '2014-10-27 13:49:22', '2014-10-27 13:57:02', 0),
(185, 86, 5, 'sd@sd.co', '2014-10-27 13:49:32', '2014-10-27 13:57:47', 0),
(186, 87, 3, 'sd@sd.co', '2014-10-27 13:56:46', '2014-10-27 13:57:02', 0),
(187, 88, 4, 'pinchoalex@gmail.com', '2014-10-27 13:56:54', '2014-10-27 13:57:52', 0),
(188, 88, 4, 'pinkevych@outsourcing-ukraine.com', '2014-10-27 13:56:54', '2014-10-27 13:57:55', 0),
(189, 89, 5, 'sd@sd.co', '2014-10-27 13:57:55', '2014-10-27 14:02:21', 0),
(190, 90, 3, 'sd@sd.co', '2014-10-27 14:02:16', '2014-10-27 14:02:21', 0),
(191, 91, 3, 'dsfdfs@dfsdf.com', '2014-10-27 14:06:56', '2014-10-27 14:07:14', 0),
(192, 92, 4, 'pinchoalex@gmail.com', '2014-10-27 14:07:08', '2014-10-27 14:07:15', 0),
(193, 92, 4, 'pinkevych@outsourcing-ukraine.com', '2014-10-27 14:07:08', '2014-10-27 14:07:16', 0),
(194, 93, 5, 'dsfdfs@dfsdf.com', '2014-10-27 14:07:16', '2014-10-27 14:11:45', 0),
(195, 94, 3, 'korostilenko@outsourcing-ukraine.com', '2014-10-27 14:10:50', '2014-10-27 14:11:45', 0),
(196, 95, 4, 'email1@m.ru', '2014-10-27 14:11:15', '2014-10-27 14:11:46', 0),
(197, 95, 4, 'email2@m.ru', '2014-10-27 14:11:15', '2014-10-27 14:11:46', 0),
(198, 95, 4, 'email3@m.ru', '2014-10-27 14:11:15', '2014-10-27 14:11:46', 0),
(199, 95, 4, 'emai1l3@m.ru', '2014-10-27 14:11:15', '2014-10-27 14:11:49', 0),
(200, 95, 4, 'email2d1@m.ru', '2014-10-27 14:11:15', '2014-10-27 14:11:51', 0),
(201, 95, 4, 'emai2ddl2@m.ru', '2014-10-27 14:11:15', '2014-10-27 14:22:46', 0),
(202, 95, 4, 'pinchoalex@gmail.com', '2014-10-27 14:11:15', '2014-10-27 14:22:47', 0),
(203, 95, 4, 'pinkevych@outsourcing-ukraine.com', '2014-10-27 14:11:15', '2014-10-27 14:22:48', 0),
(204, 96, 3, 'korostilenko@outsourcing-ukraine.com', '2014-10-27 14:20:07', '2014-10-27 14:22:44', 0),
(205, 97, 3, 'korostilenko@outsourcing-ukraine.com', '2014-10-27 14:20:27', '2014-10-27 14:22:45', 0),
(206, 98, 3, 'dsfdfs@dfsdf.com', '2014-10-27 14:22:26', '2014-10-27 14:25:11', 0),
(207, 99, 4, 'pinchoalex@gmail.com', '2014-10-27 14:22:35', '2014-10-27 14:22:51', 0),
(208, 99, 4, 'pinkevych@outsourcing-ukraine.com', '2014-10-27 14:22:35', '2014-10-27 14:22:51', 0),
(209, 100, 5, 'dsfdfs@dfsdf.com', '2014-10-27 14:22:51', '2014-10-27 14:25:11', 0),
(210, 101, 3, 'sd@sd.co', '2014-10-27 14:32:42', '2014-10-27 14:32:57', 0),
(211, 102, 4, 'pinchoalex@gmail.com', '2014-10-27 14:32:49', '2014-10-27 14:33:54', 0),
(212, 102, 4, 'pinkevych@outsourcing-ukraine.com', '2014-10-27 14:32:49', '2014-10-27 14:33:57', 0),
(213, 103, 5, 'sd@sd.co', '2014-10-27 14:33:57', '2014-10-27 14:35:24', 0),
(214, 104, 3, 'dsfdfs@dfsdf.com', '2014-10-27 14:36:50', '2014-10-27 14:37:09', 0),
(215, 105, 4, 'pinchoalex@gmail.com', '2014-10-27 14:37:01', '2014-10-27 14:37:11', 0),
(216, 105, 4, 'pinkevych@outsourcing-ukraine.com', '2014-10-27 14:37:01', '2014-10-27 14:37:12', 0),
(217, 106, 5, 'dsfdfs@dfsdf.com', '2014-10-27 14:37:12', '2014-10-27 14:49:13', 0),
(218, 107, 3, 'dsfdfs@dfsdf.com', '2014-10-27 14:48:44', '2014-10-27 14:49:13', 0),
(219, 108, 4, 'pinchoalex@gmail.com', '2014-10-27 14:48:57', '2014-10-27 14:49:48', 0),
(220, 108, 4, 'pinkevych@outsourcing-ukraine.com', '2014-10-27 14:48:57', '2014-10-27 14:49:48', 0),
(221, 109, 5, 'dsfdfs@dfsdf.com', '2014-10-27 14:49:48', '2014-10-27 15:41:31', 0),
(222, 110, 3, 'frey@bk.ru', '2014-10-27 16:06:36', NULL, 0),
(223, 111, 4, 'email2@m.ru', '2014-10-27 16:07:24', NULL, 0),
(224, 111, 4, 'email3@m.ru', '2014-10-27 16:07:24', NULL, 0),
(225, 111, 4, 'email4@m.ru', '2014-10-27 16:07:24', NULL, 0),
(226, 111, 4, 'j@dd.ii', '2014-10-27 16:07:24', NULL, 0),
(227, 112, 3, 'frey@bk.ru', '2014-10-27 16:26:22', NULL, 0),
(228, 113, 4, 'email6@m.ru', '2014-10-27 16:26:33', NULL, 0),
(229, 113, 4, 'email5@m.ru', '2014-10-27 16:26:33', NULL, 0),
(230, 113, 4, 'email3@m.ru', '2014-10-27 16:26:33', NULL, 0),
(231, 113, 4, 'email8@m.ru', '2014-10-27 16:26:33', NULL, 0),
(232, 113, 4, 'email4New@gmail.ru', '2014-10-27 16:26:33', NULL, 0),
(233, 113, 4, 'emai1l3@m.ru', '2014-10-27 16:26:33', NULL, 0),
(234, 113, 4, 'j@dd.ii', '2014-10-27 16:26:33', NULL, 0),
(235, 113, 4, 'emai2ddl2@m.ru', '2014-10-27 16:26:33', NULL, 0),
(236, 113, 4, 'pinchoalex@gmail.com', '2014-10-27 16:26:33', NULL, 0),
(237, 113, 4, 'pinkevych@outsourcing-ukraine.com', '2014-10-27 16:26:33', NULL, 0),
(238, 114, 3, 'sd@sd.co', '2014-10-27 17:17:17', NULL, 0),
(239, 115, 4, 'email1@m.ru', '2014-10-27 17:17:29', NULL, 0),
(240, 115, 4, 'email2@m.ru', '2014-10-27 17:17:29', NULL, 0),
(241, 115, 4, 'email6@m.ru', '2014-10-27 17:17:29', NULL, 0),
(242, 115, 4, 'email5@m.ru', '2014-10-27 17:17:29', NULL, 0),
(243, 115, 4, 'email7@m.ru', '2014-10-27 17:17:29', NULL, 0),
(244, 115, 4, 'email3@m.ru', '2014-10-27 17:17:29', NULL, 0),
(245, 115, 4, 'email8@m.ru', '2014-10-27 17:17:29', NULL, 0),
(246, 115, 4, 'email4@m.ru', '2014-10-27 17:17:29', NULL, 0),
(247, 115, 4, 'j@d.ii', '2014-10-27 17:17:29', NULL, 0),
(248, 115, 4, 'email4New@gmail.ru', '2014-10-27 17:17:29', NULL, 0),
(249, 115, 4, 'emai1l3@m.ru', '2014-10-27 17:17:29', NULL, 0),
(250, 115, 4, 'j@dd.ii', '2014-10-27 17:17:29', NULL, 0),
(251, 115, 4, 'email2d1@m.ru', '2014-10-27 17:17:29', '2014-10-27 18:21:05', 0),
(252, 115, 4, 'emai2ddl2@m.ru', '2014-10-27 17:17:29', '2014-10-27 18:21:03', 0),
(253, 115, 4, 'pinchoalex@gmail.com', '2014-10-27 17:17:29', '2014-10-27 18:21:01', 0),
(254, 115, 4, 'pinkevych@outsourcing-ukraine.com', '2014-10-27 17:17:29', '2014-10-27 18:20:56', 0),
(255, 115, 4, 'pisarkov@outsourcing-ukraine.com', '2014-10-27 17:17:29', '2014-10-27 18:20:54', 0),
(256, 116, 3, 'dsfdfs@dfsdf.com', '2014-10-27 17:25:25', '2014-10-27 18:22:10', 0),
(257, 117, 4, 'email5@m.ru', '2014-10-27 17:25:33', '2014-10-27 18:22:13', 0),
(258, 117, 4, 'email4New@gmail.ru', '2014-10-27 17:25:33', '2014-10-27 18:22:15', 0),
(259, 117, 4, 'pinchoalex@gmail.com', '2014-10-27 17:25:33', '2014-10-27 18:22:38', 0),
(260, 117, 4, 'pinkevych@outsourcing-ukraine.com', '2014-10-27 17:25:33', '2014-10-27 18:22:41', 0),
(261, 117, 4, 'pisarkov@outsourcing-ukraine.com', '2014-10-27 17:25:33', '2014-10-27 18:22:44', 0),
(262, 118, 3, 'sd@sd.co', '2014-10-28 09:20:30', '2014-10-28 09:22:14', 0),
(263, 119, 4, 'pinchoalex@gmail.com', '2014-10-28 09:20:40', '2014-10-28 09:22:18', 0),
(264, 119, 4, 'pinkevych@outsourcing-ukraine.com', '2014-10-28 09:20:40', '2014-10-28 09:22:23', 0),
(265, 120, 5, 'sd@sd.co', '2014-10-28 09:22:23', '2014-10-28 10:08:43', 0),
(266, 121, 3, 'frey@bk.ru', '2014-10-28 10:06:34', '2014-10-28 10:08:43', 0),
(267, 122, 4, 'email1@m.ru', '2014-10-28 10:06:42', '2014-10-28 10:08:43', 0),
(268, 122, 4, 'email2@m.ru', '2014-10-28 10:06:42', '2014-10-28 10:08:43', 0),
(269, 122, 4, 'email3@m.ru', '2014-10-28 10:06:42', '2014-10-28 10:08:43', 0),
(270, 122, 4, 'emai1l3@m.ru', '2014-10-28 10:06:42', '2014-10-28 10:08:43', 0),
(271, 122, 4, 'email2d1@m.ru', '2014-10-28 10:06:42', '2014-10-28 10:08:43', 0),
(272, 122, 4, 'emai2ddl2@m.ru', '2014-10-28 10:06:42', '2014-10-29 06:42:18', 0),
(273, 122, 4, 'pinchoalex@gmail.com', '2014-10-28 10:06:42', '2014-10-29 06:43:04', 0),
(274, 122, 4, 'pinkevych@outsourcing-ukraine.com', '2014-10-28 10:06:42', '2014-10-29 06:44:03', 0),
(275, 122, 4, 'pisarkov@outsourcing-ukraine.com', '2014-10-28 10:06:42', '2014-10-29 06:45:05', 0),
(276, 122, 4, 'xxxfreyxxx@gmail.com', '2014-10-28 10:06:42', '2014-10-29 06:46:03', 0),
(277, 123, 3, 'frey@bk.ru', '2014-10-28 10:26:41', '2014-10-29 06:42:18', 0),
(278, 124, 4, 'email1@m.ru', '2014-10-28 10:26:56', '2014-10-29 07:00:05', 0),
(279, 124, 4, 'email2@m.ru', '2014-10-28 10:26:56', '2014-10-29 07:01:05', 0),
(280, 124, 4, 'email3@m.ru', '2014-10-28 10:26:56', '2014-10-29 07:02:03', 0),
(281, 124, 4, 'emai1l3@m.ru', '2014-10-28 10:26:56', '2014-10-29 07:03:04', 0),
(282, 124, 4, 'email2d1@m.ru', '2014-10-28 10:26:56', '2014-10-29 07:04:05', 0),
(283, 124, 4, 'emai2ddl2@m.ru', '2014-10-28 10:26:56', NULL, 1),
(284, 124, 4, 'pinchoalex@gmail.com', '2014-10-28 10:26:56', NULL, 1),
(285, 124, 4, 'pinkevych@outsourcing-ukraine.com', '2014-10-28 10:26:56', NULL, 1),
(286, 124, 4, 'pisarkov@outsourcing-ukraine.com', '2014-10-28 10:26:56', NULL, 1),
(287, 124, 4, 'xxxfreyxxx@gmail.com', '2014-10-28 10:26:56', NULL, 1),
(288, 125, 3, 'sd@sd.co', '2014-10-28 10:47:24', '2014-10-29 06:42:18', 0),
(289, 126, 4, 'pinchoalex@gmail.com', '2014-10-28 10:47:52', NULL, 1),
(290, 126, 4, 'pinkevych@outsourcing-ukraine.com', '2014-10-28 10:47:52', NULL, 1),
(291, 126, 4, 'pisarkov@outsourcing-ukraine.com', '2014-10-28 10:47:52', NULL, 1),
(292, 126, 4, 'xxxfreyxxx@gmail.com', '2014-10-28 10:47:52', NULL, 1),
(293, 127, 3, 'sd@sd.co', '2014-10-28 12:26:59', '2014-10-29 07:00:05', 0),
(294, 128, 4, 'pinchoalex@gmail.com', '2014-10-28 12:27:10', NULL, 1),
(295, 128, 4, 'pinkevych@outsourcing-ukraine.com', '2014-10-28 12:27:10', NULL, 1);

-- --------------------------------------------------------

--
-- Table structure for table `emailQueueParams`
--

DROP TABLE IF EXISTS `emailQueueParams`;
CREATE TABLE IF NOT EXISTS `emailQueueParams` (
  `id` int(11) NOT NULL AUTO_INCREMENT,
  `emailsQueueId` int(11) NOT NULL,
  `name` varchar(100) NOT NULL,
  `value` text NOT NULL,
  PRIMARY KEY (`id`),
  KEY `fk_emailQueueParams_email_idx` (`emailsQueueId`)
) ENGINE=InnoDB  DEFAULT CHARSET=cp1250 AUTO_INCREMENT=321 ;

--
-- Dumping data for table `emailQueueParams`
--

INSERT INTO `emailQueueParams` (`id`, `emailsQueueId`, `name`, `value`) VALUES
(69, 1, 'accountLink', 'http://maritime-cv.local/account/login?user=cgarrfccbhuapr9irg0an0ft24'),
(70, 1, 'orderNumber', '4761410525111'),
(71, 1, 'orderAmount', '4.00'),
(72, 2, 'accountLink', 'http://maritime-cv.local/account/login?user=85shoudpq90toeua25mfah2is4'),
(73, 2, 'orderNumber', '5591411384450'),
(74, 2, 'orderAmount', '8.20'),
(75, 3, 'accountLink', 'http://maritime-cv.local/account/login?user=85shoudpq90toeua25mfah2is4'),
(76, 3, 'orderNumber', '5591411384450'),
(77, 3, 'orderAmount', '8.20'),
(78, 4, 'accountLink', 'http://maritime-cv.local/account/login?user=vj5g248nr92ujeved7tvtfifj3'),
(79, 4, 'orderNumber', '7021411385020'),
(80, 4, 'orderAmount', '8.20'),
(81, 5, 'accountLink', 'http://maritime-cv.local/account/login?user=vj5g248nr92ujeved7tvtfifj3'),
(82, 5, 'orderNumber', '7021411385020'),
(83, 5, 'orderAmount', '8.20'),
(84, 6, 'accountLink', 'http://maritime-cv.local/account/login?user=vj5g248nr92ujeved7tvtfifj3'),
(85, 6, 'orderNumber', '7021411385020'),
(86, 6, 'orderAmount', '8.20'),
(87, 7, 'accountLink', 'http://maritime-cv.local/account/login?user=vj5g248nr92ujeved7tvtfifj3'),
(88, 7, 'orderNumber', '7021411385020'),
(89, 7, 'orderAmount', '8.20'),
(90, 8, 'accountLink', 'http://maritime-cv.local/account/login?user=07umnjmtbstkpt9u1nbvug0012'),
(91, 8, 'orderNumber', '2301411386745'),
(92, 8, 'orderAmount', '8.20'),
(93, 9, 'accountLink', 'http://maritime-cv.local/account/login?user=bgg6f7kkkdj60m37ee11nld6b1'),
(94, 9, 'orderNumber', '7491411386924'),
(95, 9, 'orderAmount', '10.00'),
(96, 10, 'accountLink', 'http://maritime-cv.local/account/login?user=g1h0os8pcv6f7tq1sv85nntv13'),
(97, 10, 'orderNumber', '1951411746891'),
(98, 10, 'orderAmount', '10.00'),
(99, 11, 'accountLink', 'http://maritime-cv.local/account/login?user=pinchoalex'),
(100, 11, 'orderNumber', '1234'),
(101, 11, 'orderAmount', '300'),
(102, 12, 'accountLink', 'http://maritime-cv.local/account/login?user=pinchoalex'),
(103, 12, 'orderNumber', '1234'),
(104, 12, 'orderAmount', '300'),
(105, 13, 'accountLink', 'http://maritime-cv.local/account/login?user=pinchoalex'),
(106, 13, 'orderNumber', '1234'),
(107, 13, 'orderAmount', '300'),
(111, 15, 'accountLink', 'http://maritime-cv.com/account/login?user=oq4ldvi9e60as27i92tunvffd2'),
(112, 15, 'orderNumber', '4361414070731'),
(113, 15, 'orderAmount', '15.35'),
(114, 16, 'accountLink', 'http://maritime-cv.com/account/login?user=lnbn03bla99die2gtlknu6sej3'),
(115, 16, 'orderNumber', '2351414074986'),
(116, 16, 'orderAmount', '10.00'),
(117, 17, 'accountLink', 'http://maritime-cv.com/account/login?user=tbg00deacj3favbdg9ium3fpb0'),
(118, 17, 'orderNumber', '9681414075334'),
(119, 17, 'orderAmount', '15.35'),
(120, 18, 'accountLink', 'http://maritime-cv.com/account/login?user=5smb0tce88k2bu423dptnn7944'),
(121, 18, 'orderNumber', '1861414129103'),
(122, 18, 'orderAmount', '11.35'),
(123, 19, 'accountLink', 'http://maritime-cv.com/account/login?user=a06gvr1vscsfqc2ka1qfmphl12'),
(124, 19, 'orderNumber', '8621414131395'),
(125, 19, 'orderAmount', '10.00'),
(126, 20, 'accountLink', 'http://maritime-cv.com/account/login?user=nahvdh776s8bhn9lo6dph8dd76'),
(127, 20, 'orderNumber', '3771414132718'),
(128, 20, 'orderAmount', '11.35'),
(129, 21, 'accountLink', 'http://maritime-cv.com/account/login?user=t72ko94dj5o1sc4453onduvpo2'),
(130, 21, 'orderNumber', '1191414133233'),
(131, 21, 'orderAmount', '11.35'),
(132, 22, 'accountLink', 'http://maritime-cv.com/account/login?user=occrlfbpl0r964iep41geg3h90'),
(133, 22, 'orderNumber', '9191414133934'),
(134, 22, 'orderAmount', '12.20'),
(135, 23, 'accountLink', 'http://maritime-cv.com/account/login?user=smpo2u1rr4fd1b5tqmd0ceumu2'),
(136, 23, 'orderNumber', '5311414134265'),
(137, 23, 'orderAmount', '10.00'),
(138, 24, 'accountLink', 'http://maritime-cv.com/account/login?user=h0nk8ul0otdsthqbr3kmo0dqj6'),
(139, 24, 'orderNumber', '5661414135023'),
(140, 24, 'orderAmount', '11.35'),
(141, 25, 'accountLink', 'http://maritime-cv.com/account/login?user=qfqjop96grvfe6b4135vi9jtj6'),
(142, 25, 'orderNumber', '5391414135119'),
(143, 25, 'orderAmount', '11.35'),
(144, 26, 'accountLink', 'http://maritime-cv.com/account/login?user=la6493feuh0bd56pjo772dpon1'),
(145, 26, 'orderNumber', '2261414135241'),
(146, 26, 'orderAmount', '11.35'),
(147, 27, 'accountLink', 'http://maritime-cv.com/account/login?user=horftdi940ugoo6uk2hq7ohle3'),
(148, 27, 'orderNumber', '8001414135491'),
(149, 27, 'orderAmount', '11.35'),
(150, 28, 'accountLink', 'http://maritime-cv.com/account/login?user=2suqcq6pamv2gttn2h7mu32030'),
(151, 28, 'orderNumber', '6011414137458'),
(152, 28, 'orderAmount', '11.35'),
(153, 29, 'accountLink', 'http://maritime-cv.com/account/login?user=4eia4kqhv1ig8s5eiaago46nj5'),
(154, 29, 'orderNumber', '2551414137975'),
(155, 29, 'orderAmount', '11.35'),
(156, 30, 'accountLink', 'http://maritime-cv.com/account/login?user=arr59a6gaeeu7tsb7big64mrp2'),
(157, 30, 'orderNumber', '2741414138485'),
(158, 30, 'orderAmount', '15.35'),
(159, 31, 'accountLink', 'http://maritime-cv.com/account/login?user=fb9bq1g7g720m3gsbb9pk10g74'),
(160, 31, 'orderNumber', '8051414138830'),
(161, 31, 'orderAmount', '15.35'),
(162, 32, 'accountLink', 'http://maritime-cv.com/account/login?user=fb9bq1g7g720m3gsbb9pk10g74'),
(163, 32, 'orderNumber', '8051414138830'),
(164, 32, 'orderAmount', '15.35'),
(165, 33, 'accountLink', 'http://maritime-cv.com/account/login?user=5ojihj7udc74adlksi8kfhod15'),
(166, 33, 'orderNumber', '1301414140712'),
(167, 33, 'orderAmount', '10.00'),
(168, 34, 'user', '68'),
(169, 35, 'accountLink', 'http://maritime-cv.com/account/login?user=ru6438erp89cb7vialoluiigv7'),
(170, 35, 'orderNumber', '4341414141285'),
(171, 35, 'orderAmount', '15.35'),
(172, 36, 'accountLink', 'http://maritime-cv.com/account/login?user=ru6438erp89cb7vialoluiigv7'),
(173, 36, 'orderNumber', '4341414141285'),
(174, 36, 'orderAmount', '15.35'),
(175, 37, 'accountLink', 'http://maritime-cv.com/account/login?user=5ojihj7udc74adlksi8kfhod15'),
(176, 37, 'orderNumber', '1301414140712'),
(177, 37, 'orderAmount', '10.00'),
(178, 38, 'accountLink', 'http://maritime-cv.com/account/login?user=5ojihj7udc74adlksi8kfhod15'),
(179, 38, 'orderNumber', '1301414140712'),
(180, 38, 'orderAmount', '10.00'),
(181, 40, 'accountLink', 'http://maritime-cv.com/account/login?user=5ojihj7udc74adlksi8kfhod15'),
(182, 40, 'orderNumber', '1301414140712'),
(183, 40, 'orderAmount', '10.00'),
(184, 41, 'accountLink', 'http://maritime-cv.com/account/login?user=par9io4ubtjin84bjp5g14fnu7'),
(185, 41, 'orderNumber', '2601414154981'),
(186, 41, 'orderAmount', '10.00'),
(187, 42, 'accountLink', 'http://maritime-cv.com/account/login?user=tmkgcuiht9gkqv6lkap9u55163'),
(188, 42, 'orderNumber', '6931414396926'),
(189, 42, 'orderAmount', '10.00'),
(190, 43, 'user', '72'),
(191, 44, 'accountLink', 'http://maritime-cv.com/account/login?user=d3sc1n2kduad9ees261a2nnuq4'),
(192, 44, 'orderNumber', '1381414398065'),
(193, 44, 'orderAmount', '11.35'),
(194, 45, 'user', '73'),
(195, 46, 'accountLink', 'http://maritime-cv.com/account/login?user=tnk0safjq618ga36hovheggg22'),
(196, 46, 'orderNumber', '7721414398480'),
(197, 46, 'orderAmount', '10.00'),
(198, 47, 'user', '74'),
(199, 49, 'accountLink', 'http://maritime-cv.com/account/login?user=dkv7p5r018iml8pq8fii1sa221'),
(200, 49, 'orderNumber', '8011414399943'),
(201, 49, 'orderAmount', '10.00'),
(202, 50, 'user', '75'),
(203, 52, 'accountLink', 'http://maritime-cv.com/account/login?user=th2oknlrc6c7g76gf9a5m9ole2'),
(204, 52, 'orderNumber', '7531414400451'),
(205, 52, 'orderAmount', '10.00'),
(206, 53, 'user', '76'),
(207, 54, 'accountLink', 'http://maritime-cv.com/account/login?user=gm0fjf7eqvpgcgj85su42p6il2'),
(208, 54, 'orderNumber', '5241414400752'),
(209, 54, 'orderAmount', '10.00'),
(210, 55, 'user', '77'),
(211, 58, 'accountLink', 'http://maritime-cv.com/account/login?user=ilhsafttlu7lrr2bk6uu78hrc6'),
(212, 58, 'orderNumber', '3571414401198'),
(213, 58, 'orderAmount', '10.00'),
(214, 59, 'user', '78'),
(215, 60, 'user', '79'),
(216, 63, 'accountLink', 'http://maritime-cv.com/account/login?user=os7rk7a7juhcgttkgpqupqpnr7'),
(217, 63, 'orderNumber', '4071414403644'),
(218, 63, 'orderAmount', '10.00'),
(219, 64, 'user', '82'),
(220, 66, 'accountLink', 'http://maritime-cv.com/account/login?user=vi6gtnbqmrnrnt14hccv2la852'),
(221, 66, 'orderNumber', '2301414403798'),
(222, 66, 'orderAmount', '10.00'),
(223, 67, 'user', '83'),
(224, 69, 'accountLink', 'http://maritime-cv.com/account/login?user=omdr5a0135prrcj8qc1hege4k1'),
(225, 69, 'orderNumber', '8321414404006'),
(226, 69, 'orderAmount', '10.00'),
(227, 70, 'user', '84'),
(228, 72, 'accountLink', 'http://maritime-cv.com/account/login?user=enivch11rvpkdp4s776phtbab7'),
(229, 72, 'orderNumber', '1011414404561'),
(230, 72, 'orderAmount', '12.20'),
(231, 73, 'user', '85'),
(232, 75, 'accountLink', 'http://maritime-cv.com/account/login?user=bjltlju31r1u9us1j88jq6fh47'),
(233, 75, 'orderNumber', '6961414404720'),
(234, 75, 'orderAmount', '12.20'),
(235, 76, 'user', '86'),
(236, 78, 'accountLink', 'http://maritime-cv.com/account/login?user=5fkapk83llcrppjnoa8s9r3n32'),
(237, 78, 'orderNumber', '2991414405058'),
(238, 78, 'orderAmount', '12.20'),
(239, 79, 'user', '87'),
(240, 81, 'accountLink', 'http://maritime-cv.com/account/login?user=lh891r5t0pimd6emo12sk9pdn0'),
(241, 81, 'orderNumber', '5261414408553'),
(242, 81, 'orderAmount', '12.20'),
(243, 82, 'user', '88'),
(244, 83, 'accountLink', 'http://maritime-cv.com/account/login?user=41cslvvsimfhasaijpr0qrrq52'),
(245, 83, 'orderNumber', '8931414408800'),
(246, 83, 'orderAmount', '12.20'),
(247, 84, 'user', '89'),
(248, 87, 'accountLink', 'http://maritime-cv.com/account/login?user=tmi8h3kla6jf2gl0teungcdma2'),
(249, 87, 'orderNumber', '7961414411006'),
(250, 87, 'orderAmount', '12.20'),
(251, 88, 'user', '90'),
(252, 90, 'accountLink', 'http://maritime-cv.com/account/login?user=tmi8h3kla6jf2gl0teungcdma2'),
(253, 90, 'orderNumber', '7961414411006'),
(254, 90, 'orderAmount', '12.20'),
(255, 91, 'accountLink', 'http://maritime-cv.com/account/login?user=oe2ju627mtpkhdnd5i3dvspq60'),
(256, 91, 'orderNumber', '7181414411616'),
(257, 91, 'orderAmount', '12.20'),
(258, 92, 'user', '91'),
(259, 94, 'accountLink', 'http://maritime-cv.com/account/login?user=09jcm31enfoo54on95lv7k4cq4'),
(260, 94, 'orderNumber', '3321414411850'),
(261, 94, 'orderAmount', '12.20'),
(262, 95, 'user', '92'),
(263, 96, 'accountLink', 'http://maritime-cv.com/account/login?user=09jcm31enfoo54on95lv7k4cq4'),
(264, 96, 'orderNumber', '3321414411850'),
(265, 96, 'orderAmount', '12.20'),
(266, 97, 'accountLink', 'http://maritime-cv.com/account/login?user=09jcm31enfoo54on95lv7k4cq4'),
(267, 97, 'orderNumber', '3321414411850'),
(268, 97, 'orderAmount', '12.20'),
(269, 98, 'accountLink', 'http://maritime-cv.com/account/login?user=ejtugq7or76iinotslvo5t2031'),
(270, 98, 'orderNumber', '9881414412545'),
(271, 98, 'orderAmount', '12.20'),
(272, 99, 'user', '93'),
(273, 101, 'accountLink', 'http://maritime-cv.com/account/login?user=m1mo4p9rgs4rjivte3vg39prc7'),
(274, 101, 'orderNumber', '1311414413162'),
(275, 101, 'orderAmount', '12.20'),
(276, 102, 'user', '94'),
(277, 104, 'accountLink', 'http://maritime-cv.com/account/login?user=a26ne540l5ti96thba7ienats5'),
(278, 104, 'orderNumber', '2801414413410'),
(279, 104, 'orderAmount', '12.20'),
(280, 105, 'user', '95'),
(281, 107, 'accountLink', 'http://maritime-cv.com/account/login?user=u9esq1qs6tu7og7b4lb5vj9et7'),
(282, 107, 'orderNumber', '8451414414124'),
(283, 107, 'orderAmount', '12.20'),
(284, 108, 'user', '96'),
(285, 110, 'accountLink', 'http://maritime-cv.com/account/login?user=5n2qkoathcefibo6jlh77nqr27'),
(286, 110, 'orderNumber', '8541414418796'),
(287, 110, 'orderAmount', '15.35'),
(288, 111, 'user', '97'),
(289, 112, 'accountLink', 'http://maritime-cv.com/account/login?user=41sk0m8sk3gi1dpehdjf8adif1'),
(290, 112, 'orderNumber', '5431414419982'),
(291, 112, 'orderAmount', '15.35'),
(292, 113, 'user', '98'),
(293, 114, 'accountLink', 'http://maritime-cv.com/account/login?user=10gadiq3tg8kkiub5fr8g2mk01'),
(294, 114, 'orderNumber', '2301414423037'),
(295, 114, 'orderAmount', '15.35'),
(296, 115, 'user', '99'),
(297, 116, 'accountLink', 'http://maritime-cv.com/account/login?user=rt1u6ap4angsjspp2daqd1jk50'),
(298, 116, 'orderNumber', '2711414423525'),
(299, 116, 'orderAmount', '15.35'),
(300, 117, 'user', '100'),
(301, 118, 'accountLink', 'http://maritime-cv.com/account/login?user=draer8nmb01q6arr872adaq3e1'),
(302, 118, 'orderNumber', '3061414480830'),
(303, 118, 'orderAmount', '12.20'),
(304, 119, 'user', '101'),
(305, 121, 'accountLink', 'http://maritime-cv.com/account/login?user=6qqqj4qljdsje4mva6i4jq1f55'),
(306, 121, 'orderNumber', '5401414483594'),
(307, 121, 'orderAmount', '15.35'),
(308, 122, 'user', '102'),
(309, 123, 'accountLink', 'http://maritime-cv.com/account/login?user=mspdc9vtoguk2nuk1pb4qlqjg7'),
(310, 123, 'orderNumber', '4651414484801'),
(311, 123, 'orderAmount', '15.35'),
(312, 124, 'user', '103'),
(313, 125, 'accountLink', 'http://maritime-cv.com/account/login?user=ddb74nn6hj2qnsrp6q78j4c0c7'),
(314, 125, 'orderNumber', '6971414486044'),
(315, 125, 'orderAmount', '15.35'),
(316, 126, 'user', '104'),
(317, 127, 'accountLink', 'http://maritime-cv.com/account/login?user=qo1i99ta7uf6cjo91kfm7ppcq6'),
(318, 127, 'orderNumber', '5671414492019'),
(319, 127, 'orderAmount', '12.20'),
(320, 128, 'user', '105');

-- --------------------------------------------------------

--
-- Table structure for table `emailtemplates`
--

DROP TABLE IF EXISTS `emailtemplates`;
CREATE TABLE IF NOT EXISTS `emailtemplates` (
  `id` int(11) NOT NULL AUTO_INCREMENT,
  `name` varchar(32) NOT NULL,
  `type` varchar(2) NOT NULL,
  `order` int(11) NOT NULL,
  `inactive` tinyint(1) NOT NULL DEFAULT '0',
  PRIMARY KEY (`id`)
) ENGINE=InnoDB  DEFAULT CHARSET=utf8 AUTO_INCREMENT=6 ;

--
-- Dumping data for table `emailtemplates`
--

INSERT INTO `emailtemplates` (`id`, `name`, `type`, `order`, `inactive`) VALUES
(1, 'cv-default', 'cv', 1, 0),
(2, 'cv-exp', 'cv', 2, 0),
(3, 'new-order-notify', 'nf', 0, 0),
(4, 'company-notify', 'nf', 1, 0),
(5, 'completed-order-notify', 'nf', 0, 0);

-- --------------------------------------------------------

--
-- Table structure for table `Message`
--

DROP TABLE IF EXISTS `Message`;
CREATE TABLE IF NOT EXISTS `Message` (
  `id` int(11) NOT NULL DEFAULT '0',
  `language` varchar(16) NOT NULL DEFAULT '',
  `translation` text,
  PRIMARY KEY (`id`,`language`)
) ENGINE=InnoDB DEFAULT CHARSET=utf8;

--
-- Dumping data for table `Message`
--

INSERT INTO `Message` (`id`, `language`, `translation`) VALUES
(1, 'en', ''),
(1, 'ru', 'Все'),
(2, 'en', 'Dry Cargo'),
(2, 'ru', 'Сухогрузы'),
(3, 'en', 'Offshore'),
(3, 'ru', 'Оффшор'),
(4, 'en', 'Tankers'),
(4, 'ru', 'Танкера'),
(5, 'en', 'Passengers'),
(5, 'ru', 'Пассажирский флот'),
(7, 'en', 'European Union'),
(7, 'ru', 'Европейский Союз'),
(8, 'en', 'Russia'),
(8, 'ru', 'Россия'),
(9, 'en', 'England'),
(9, 'ru', 'Англия'),
(10, 'en', 'Ukraine'),
(10, 'ru', 'Украина'),
(11, 'en', 'Sector|Sectors'),
(11, 'ru', 'Сектор|Сектора|Секторов|Сектора'),
(12, 'en', 'Region|Regions'),
(12, 'ru', 'Регион|Региона|Регионов|Регионы'),
(13, 'en', 'Country|Countries'),
(13, 'ru', 'Страна|Страны|Стран|Страны'),
(14, 'en', 'Company|Companies'),
(14, 'ru', 'Компания|Компании|Компаний|Компании'),
(15, 'ru', 'Предыдущий шаг'),
(16, 'ru', 'Следующий шаг'),
(17, 'ru', 'Выбор крюинговых компаний'),
(18, 'en', ''),
(18, 'ru', '<p>Это страница выбора компаний. Пожалуйста, выберите компаний, которые вас интересуют. Вы можете использовать фильтры в левой части страницы или отметить их вручную.</p>'),
(19, 'ru', 'Агентства'),
(20, 'en', 'Step|Steps'),
(20, 'ru', 'Шаг|Шага|Шагов|Шаги'),
(21, 'en', 'CV and Attachments'),
(21, 'ru', 'Анкета и Документы'),
(22, 'en', 'Design and Content'),
(22, 'ru', 'Оформление и Тексты'),
(23, 'en', 'Crewing Companies'),
(23, 'ru', 'Выбор компаний'),
(24, 'en', 'Order Payment'),
(24, 'ru', 'Оплата услуги'),
(25, 'en', 'Email Campaign'),
(25, 'ru', 'Рассылка писем'),
(26, 'en', 'Template|Templates'),
(26, 'ru', 'Шаблон|Шаблона|Шаблонов|Шаблоны'),
(27, 'en', 'Design Scheme'),
(27, 'ru', 'Оформление'),
(28, 'en', 'Email Subject'),
(28, 'ru', 'Тема письма'),
(29, 'en', 'Email Content'),
(29, 'ru', 'Текст письма'),
(30, 'en', 'How Our System Works'),
(30, 'ru', 'Как работает сервис Maritime CV?'),
(31, 'en', 'Norway'),
(31, 'ru', 'Норвегия'),
(32, 'en', 'Georgia'),
(32, 'ru', 'Грузия'),
(33, 'en', 'Latvia'),
(33, 'ru', 'Латвия'),
(34, 'en', 'Baltic Countries'),
(34, 'ru', 'Прибалтика'),
(35, 'en', 'Marine'),
(35, 'ru', 'Море'),
(36, 'en', 'Default Text'),
(36, 'ru', 'Стандартный текст'),
(37, 'en', '<h1>HEADER 1</h1>\r\n<h2>HEADER&nbsp;<em>2</em></h2>\r\n<h3 style="text-align: right;"><em>Header 3</em></h3>\r\n<h4 style="text-align: center;"><em>Header 4</em></h4>\r\n<h5 style="text-align: right;"><em>Header 5</em></h5>\r\n<h6>Header 65</h6>\r\n<p>Donec q''uis pe'' &lt;div id= llentesque m<a href="ddd">i, ac consequat nibh. Ut lacinia est ac augue tincidunt ultricies. Proin ac erat ac diam dapibus gra</a>vida. Proin sodales tellus vitae nisi volutpat fermentum. Phasellus facilisis quam vel faucibus placerat. Proin egestas nibh lectus,&nbsp;aliquam dapibus dolor&nbsp;ultricies vitae. Cras nec varius lectus.</p>\r\n<p>Suspendisse malesuada ut purus vel feugiat. Aenean faucibus nulla nec ligula tempus, eget varius nulla dapibus. Nam ultrices sem elit, ac iaculis nulla adipiscing eget. Vestibulum non nibh congue, elementum turpis et, feugiat massa. Fusce magna lectus, eleifend ac ante sit amet, feugiat euismod felis. Ut sit amet eros quis quam placerat porta. Morbi a nisi arcu.</p>\r\n<p><a href="http://aaa.aa">aaa@aa.aa</a>&lt;div id="&nbsp;</p>\r\n<p>&nbsp;</p>\r\n<h1>HEADER 1</h1>\r\n<h2>HEADER&nbsp;<em>2</em></h2>\r\n<h3 style="text-align: right;"><em>Header 3</em></h3>\r\n<h4 style="text-align: center;"><em>Header 4</em></h4>\r\n<h5 style="text-align: right;"><em>Header 5</em></h5>\r\n<h6>Header 65</h6>\r\n<p>Donec q''uis pe'' &lt;div id= llentesque m<a href="ddd">i, ac consequat nibh. Ut lacinia est ac augue tincidunt ultricies. Proin ac erat ac diam dapibus gra</a>vida. Proin sodales tellus vitae nisi volutpat fermentum. Phasellus facilisis quam vel faucibus placerat. Proin egestas nibh lectus,&nbsp;aliquam dapibus dolor&nbsp;ultricies vitae. Cras nec varius lectus.</p>\r\n<p>Suspendisse malesuada ut purus vel feugiat. Aenean faucibus nulla nec ligula tempus, eget varius nulla dapibus. Nam ultrices sem elit, ac iaculis nulla adipiscing eget. Vestibulum non nibh congue, elementum turpis et, feugiat massa. Fusce magna lectus, eleifend ac ante sit amet, feugiat euismod felis. Ut sit amet eros quis quam placerat porta. Morbi a nisi arcu.</p>\r\n<p><a href="http://aaa.aa">aaa@aa.aa</a>&lt;div id="&nbsp;</p>'),
(37, 'ru', '<p><strong>Риск</strong>&nbsp;&mdash; сочетание&nbsp;<a title="Вероятность" href="https://ru.wikipedia.org/wiki/%D0%92%D0%B5%D1%80%D0%BE%D1%8F%D1%82%D0%BD%D0%BE%D1%81%D1%82%D1%8C">вероятности</a>&nbsp;и последствий наступления неблагоприятных событий. Знание вероятности неблагоприятного события позволяет определить вероятность благоприятных событий по формуле&nbsp;<img class="mwe-math-fallback-png-inline tex" src="https://upload.wikimedia.org/math/d/e/8/de834eac4081059d3d8cf7d1aa6d8f39.png" alt="P_{+}=1-P_{-}" />. Также риском часто называют непосредственно предполагаемое событие, способное принести кому-либо&nbsp;<a title="Ущерб" href="https://ru.wikipedia.org/wiki/%D0%A3%D1%89%D0%B5%D1%80%D0%B1">ущерб</a>&nbsp;или&nbsp;<a title="Убыток" href="https://ru.wikipedia.org/wiki/%D0%A3%D0%B1%D1%8B%D1%82%D0%BE%D0%BA">убыток</a>r</p>'),
(38, 'en', 'Good day sirs!\r\n\r\nI''m a well-experienced seaman who wants to work with your company. You offer the greatest conditions.\r\n\r\nRegards,\r\nseaman.'),
(38, 'ru', 'Добрый день!\r\nЯ моряк, прослужил на флоте более 20 лет.\r\nХочу работать именно в вашей компании, т.к. вы можете предложить мне лучшие условия работы и оплату труда.\r\n\r\nС уважением,\r\nморяк.'),
(39, 'en', 'Experience'),
(39, 'ru', 'Для опытных моряков'),
(40, 'en', 'Default'),
(40, 'ru', 'Стандарт'),
(41, 'en', 'Ecology'),
(41, 'ru', 'Трава'),
(42, 'en', 'Exposition'),
(42, 'ru', 'Экспозиция'),
(43, 'en', 'Click to upload'),
(43, 'ru', 'Прикрепить'),
(44, 'en', 'Your CV'),
(44, 'ru', 'Анкету'),
(45, 'en', 'File 1'),
(45, 'ru', 'Вложение 1'),
(46, 'en', 'File 2'),
(46, 'ru', 'Вложение 2'),
(47, 'en', 'Your Email'),
(47, 'ru', 'Ваш Email'),
(48, 'en', 'Continue'),
(48, 'ru', 'Продолжить'),
(49, 'en', 'Allowed file types'),
(49, 'ru', 'Допустимые типы файлов'),
(50, 'en', 'Attach your CV'),
(50, 'ru', 'Прикрепите анкету моряка'),
(51, 'en', '<p class="lead">Follow These Steps</p>\r\n<ol>\r\n<li>Upload your CV</li>\r\n<li>Upload attachments</li>\r\n<li>Enter your email</li>\r\n<li>Click the button</li>\r\n</ol>\r\n<p class="text-justify">Praesent ut dignissim orci, a congue diam. Maecenas sit amet est tellus. Morbi vitae malesuada purus. Duis consectetur urna congue elit scelerisque, vel tincidunt leo commodo. Aliquam cursus sit amet sem et pharetra.</p>'),
(51, 'ru', '<p class="lead">Форма загрузки ваших документов</p>\r\n<p>Воспользуйтесь формой для загрузки анкеты моряка и других необходимых документов.</p>\r\n<p>&nbsp;</p>\r\n<ol>\r\n<li>Загрузите анкету моряка</li>\r\n<li>Загрузите другие документы (вложения)</li>\r\n<li>Введите свой email</li>\r\n<li>Нажмите на кнопку "Продолжить"</li>\r\n</ol><hr />\r\n<p>Допустимые типы файлов анкеты моряка и вложений:<br />doc, docx, xls, xlsx, rtf, pdf, jpg, zip, rar.<br /> Максимальный размер анкеты составляет 1 МБ.<br /> Максимальный размер каждого из вложений составляет 500 Кб.</p>'),
(52, 'en', 'Send your CV right now'),
(52, 'ru', 'Начните рассылку своей анкеты прямо сейчас'),
(53, 'en', 'Why Maritime CV?'),
(53, 'ru', 'Почему стоит воспользоваться нашим сервисом?'),
(54, 'en', '<p class="lead">Benefits of Maritime CV</p>\r\n<ul>\r\n<li>Only verified companies email-addresses</li>\r\n<li>Subscribe by Region</li>\r\n<li>Subscribe for shipping sector</li>\r\n<li>Editing the list of companies receiving</li>\r\n<li>Plenty of options for registration letters</li>\r\n<li>Report on the implementation of services</li>\r\n</ul>'),
(54, 'ru', '<p class="lead">Преимущества сервиса Maritime CV</p>\r\n<ul>\r\n<li>Только проверенные email-адреса компаний</li>\r\n<li>Рассылка по региону</li>\r\n<li>Рассылка по сектору судоходства</li>\r\n<li>Редактирование списка компаний-получателей</li>\r\n<li>Множество вариантов оформления письма</li>\r\n<li>Отчет о выполнении услуги</li>\r\n</ul>'),
(55, 'en', '<div class="padding" id="payment-systems">\r\n<p class="lead">We accept different payment systems</p>			\r\n				<div>\r\n					<div class="col-md-3">\r\n						<div class="payment-system">\r\n							<img src="lib/skin/img/wallet-one.png" title="Wallet One" alt="Wallet One" />\r\n							<span><div class="dt"><div class="dr"><div class="dc">Wallet<br />One</div></div></div></span>\r\n							<div class="clearfix"></div>\r\n						</div>\r\n					</div>\r\n					\r\n					<div class="col-md-3">\r\n						<div class="payment-system">\r\n							<img src="lib/skin/img/megaphone.png" title="Мегафон" alt="Мегафон" />\r\n							<span><div class="dt"><div class="dr"><div class="dc">Мегафон</div></div></div></span>\r\n							<div class="clearfix"></div>\r\n						</div>\r\n					</div>\r\n					\r\n					<div class="col-md-3">\r\n						<div class="payment-system">\r\n							<img src="lib/skin/img/telemoney.png" title="TeleMoney" alt="TeleMoney" />\r\n							<span><div class="dt"><div class="dr"><div class="dc">TeleMoney</div></div></div></span>\r\n							<div class="clearfix"></div>\r\n						</div>\r\n					</div>\r\n					\r\n					<div class="col-md-3">\r\n						<div class="payment-system">\r\n							<img src="lib/skin/img/terminals.png" title="Терминалы России" alt="Терминалы России" />\r\n							<span><div class="dt"><div class="dr"><div class="dc">Терминалы<br />России</div></div></div></span>\r\n							<div class="clearfix"></div>\r\n						</div>\r\n					</div>\r\n				</div>\r\n				<div>\r\n					<div class="col-md-3">\r\n						<div class="payment-system">\r\n							<img src="lib/skin/img/perfect-money.png" title="Perfect Money" alt="Perfect Money" />\r\n							<span><div class="dt"><div class="dr"><div class="dc">Perfect<br />Money</div></div></div></span>\r\n							<div class="clearfix"></div>\r\n						</div>\r\n					</div>\r\n					\r\n					<div class="col-md-3">\r\n						<div class="payment-system">\r\n							<img src="lib/skin/img/paxum.png" title="Paxum" alt="Paxum" />\r\n							<span><div class="dt"><div class="dr"><div class="dc">Paxum</div></div></div></span>\r\n							<div class="clearfix"></div>\r\n						</div>\r\n					</div>\r\n					\r\n					<div class="col-md-3">\r\n						<div class="payment-system">\r\n							<img src="lib/skin/img/mts.png" title="МТС" alt="МТС" />\r\n							<span><div class="dt"><div class="dr"><div class="dc">МТС</div></div></div></span>\r\n							<div class="clearfix"></div>\r\n						</div>\r\n					</div>\r\n					\r\n					<div class="col-md-3">\r\n						<div class="payment-system">\r\n							<img src="lib/skin/img/terminals.png" title="Терминалы Украины" alt="Терминалы Украины" />\r\n							<span><div class="dt"><div class="dr"><div class="dc">Терминалы<br />Украины</div></div></div></span>\r\n							<div class="clearfix"></div>\r\n						</div>\r\n					</div>\r\n				</div> \r\n				\r\n			</div>'),
(55, 'ru', '			<div class="padding" id="payment-systems">\r\n				<p class="lead">Мы работаем со многими платёжными системами</p>\r\n				\r\n				<div>\r\n					<div class="col-md-3">\r\n						<div class="payment-system">\r\n							<img src="lib/skin/img/wallet-one.png" title="Wallet One" alt="Wallet One" />\r\n							<span><div class="dt"><div class="dr"><div class="dc">Wallet<br />One</div></div></div></span>\r\n							<div class="clearfix"></div>\r\n						</div>\r\n					</div>\r\n					\r\n					<div class="col-md-3">\r\n						<div class="payment-system">\r\n							<img src="lib/skin/img/megaphone.png" title="Мегафон" alt="Мегафон" />\r\n							<span><div class="dt"><div class="dr"><div class="dc">Мегафон</div></div></div></span>\r\n							<div class="clearfix"></div>\r\n						</div>\r\n					</div>\r\n					\r\n					<div class="col-md-3">\r\n						<div class="payment-system">\r\n							<img src="lib/skin/img/telemoney.png" title="TeleMoney" alt="TeleMoney" />\r\n							<span><div class="dt"><div class="dr"><div class="dc">TeleMoney</div></div></div></span>\r\n							<div class="clearfix"></div>\r\n						</div>\r\n					</div>\r\n					\r\n					<div class="col-md-3">\r\n						<div class="payment-system">\r\n							<img src="lib/skin/img/terminals.png" title="Терминалы России" alt="Терминалы России" />\r\n							<span><div class="dt"><div class="dr"><div class="dc">Терминалы<br />России</div></div></div></span>\r\n							<div class="clearfix"></div>\r\n						</div>\r\n					</div>\r\n				</div>\r\n				<div>\r\n					<div class="col-md-3">\r\n						<div class="payment-system">\r\n							<img src="lib/skin/img/perfect-money.png" title="Perfect Money" alt="Perfect Money" />\r\n							<span><div class="dt"><div class="dr"><div class="dc">Perfect<br />Money</div></div></div></span>\r\n							<div class="clearfix"></div>\r\n						</div>\r\n					</div>\r\n					\r\n					<div class="col-md-3">\r\n						<div class="payment-system">\r\n							<img src="lib/skin/img/paxum.png" title="Paxum" alt="Paxum" />\r\n							<span><div class="dt"><div class="dr"><div class="dc">Paxum</div></div></div></span>\r\n							<div class="clearfix"></div>\r\n						</div>\r\n					</div>\r\n					\r\n					<div class="col-md-3">\r\n						<div class="payment-system">\r\n							<img src="lib/skin/img/mts.png" title="МТС" alt="МТС" />\r\n							<span><div class="dt"><div class="dr"><div class="dc">МТС</div></div></div></span>\r\n							<div class="clearfix"></div>\r\n						</div>\r\n					</div>\r\n					\r\n					<div class="col-md-3">\r\n						<div class="payment-system">\r\n							<img src="lib/skin/img/terminals.png" title="Терминалы Украины" alt="Терминалы Украины" />\r\n							<span><div class="dt"><div class="dr"><div class="dc">Терминалы<br />Украины</div></div></div></span>\r\n							<div class="clearfix"></div>\r\n						</div>\r\n					</div>\r\n				</div> \r\n				\r\n			</div>'),
(56, 'en', 'Contact Us'),
(56, 'ru', 'Обратная связь'),
(57, 'en', 'Enter the Symbols'),
(57, 'ru', 'Антиспам'),
(58, 'en', 'Phone Number (optional)'),
(58, 'ru', 'Номер телефона (опционально)'),
(59, 'en', 'Email|Emails'),
(59, 'ru', 'Email'),
(60, 'en', 'First Name / Last Name'),
(60, 'ru', 'Ваше имя'),
(61, 'en', 'Message|Messages'),
(61, 'ru', 'Сообщение|Сообщения|Сообщений|Сообщения'),
(62, 'en', 'Send Message'),
(62, 'ru', 'Отправить сообщение'),
(63, 'en', 'Click to Refresh'),
(63, 'ru', 'Нажмите для обновления'),
(64, 'en', 'More Information'),
(64, 'ru', 'Подробнее'),
(65, 'en', '<p class="text-justify">Unlike other similar services, in addition to profiles sailor you can attach to the letter all the documents, and the total size of the attachment can be up to 2 MB. Our service is prompt and help you prepare individually decorated letter with logical text composed and presentable appearance. Advanced system of filters by world regions and sectors of navigation easily allow you to select only the recipients of our huge database crewing companies. We work with a variety of payment systems, so you will easily be able to pay for our services convenient way. You also have the opportunity to monitor the status of execution of the service, and at the end to get a detailed report on its implementation.</p>'),
(65, 'ru', '<p class="text-justify">В отличие от других подобных сервисов помимо анкеты моряка вы можете прикреплять к письму любые документы, а общий размер вложений может составлять до 2 МБ. Наш сервис подскажет и поможет вам подготовить индивидуально оформленное письмо с логично составленным текстом и презентабельным внешним видом. Расширенная система фильтров по регионам мира и секторам судоходства с лёгкостью позволит вам выбрать лишь нужных получателей из нашей огромной базы крюинговых компаний. Мы работаем со множеством платёжных систем, поэтому вы без труда сможете оплатить наши услуги удобным для вас способом. Также вы имеете возможность следить за статусом выполнения услуги, а в конце получить подробный отчёт о её выполнении.</p>'),
(66, 'en', '<p class="lead">If you want to quickly get on the account in a variety of crewing companies, send your profile to employers of your choice and the shipping industry in the region, or even a dot to send their documents to the correct agency, then this service is for you!</p>'),
(66, 'ru', '<p class="lead">Если вы хотите быстро встать на учёт во множестве различных крюинговых компаний, разослать свою анкету работодателям нужного вам сектора судоходства и региона или даже точечно разослать свои документы в нужные агентства, то этот сервис именно для вас!</p>'),
(67, 'en', '<p>Hello! <br /> <br /> Been successfully implemented an order to mailing your resume to our database companies. <br /> Your order number: {orderNumber} <br /> Order amount: {orderAmount} <br /> Further details you can view in your <a href="{accountLink}">personal account</a> <br /> <br /> Regards, Maritime</p>'),
(67, 'ru', '<p>Здравствуйте!<br /><br />Был успешно осуществлён заказ рассылки Вашего резюме по нашей базе компаний.<br />Номер вашего заказа: {orderNumber}<br />Сумма заказа: {orderAmount}<br />Более подробные детали вы можете просмотреть в вашем <a href="{accountLink}">личном кабинете</a><br /><br />С уважением, Maritime</p>'),
(68, 'en', 'Greece'),
(68, 'ru', 'Греция'),
(69, 'en', 'Bulgaria'),
(69, 'ru', 'Болгария'),
(70, 'en', 'Switzerland'),
(70, 'ru', 'Швейцария'),
(71, 'en', 'Cyprus'),
(71, 'ru', 'Кипр'),
(72, 'en', 'Germany'),
(72, 'ru', 'Германия'),
(73, 'en', 'Estonia'),
(73, 'ru', 'Эстония'),
(74, 'en', 'Spain'),
(74, 'ru', 'Испания'),
(75, 'en', 'Croatia'),
(75, 'ru', 'Хорватия'),
(76, 'en', 'Indonesia'),
(76, 'ru', 'Индонезия'),
(77, 'en', 'India'),
(77, 'ru', 'Индия'),
(78, 'en', 'Lithuania'),
(78, 'ru', 'Литва'),
(79, 'en', 'Myanmar'),
(79, 'ru', 'Мьянма'),
(80, 'en', 'Netherlands'),
(80, 'ru', 'Нидерланды'),
(81, 'en', 'Philippines'),
(81, 'ru', 'Филиппины'),
(82, 'en', 'Poland'),
(82, 'ru', 'Польша'),
(83, 'en', 'Romania'),
(83, 'ru', 'Румыния'),
(84, 'en', 'Singapore'),
(84, 'ru', 'Сингапур'),
(85, 'en', 'United Kingdom'),
(85, 'ru', 'Великобритания'),
(86, 'en', 'USA'),
(86, 'ru', 'США'),
(88, 'en', 'Asia'),
(88, 'ru', 'Азия'),
(89, 'en', '		<div class="row-fluid-5">\r\n			<div class="span5">\r\n				<p class="lead">You just separates by 5 steps to getting a decent job!</p>\r\n			</div>\r\n		</div>\r\n		\r\n		<div class="row-fluid-5">\r\n            <div class="span1">\r\n				<div class=''square-box''>\r\n					\r\n					<div class=''square-content''>\r\n					<div class="dt">\r\n					<div class="dc">\r\n								\r\n						<div class="glyph">\r\n							<span class="glyph-item mega" aria-hidden="true" data-icon="&#xe034;" data-js-prompt="&#xe034;"></span>\r\n						</div>\r\n		\r\n					</div>\r\n					</div>\r\n					</div>\r\n					\r\n				</div>\r\n				\r\n				<p class="lead">Step 1</p>\r\n				<p>Upload CV and documents</p>\r\n				\r\n			</div>\r\n			\r\n            <div class="span1">\r\n				<div class=''square-box''>\r\n					\r\n					<div class=''square-content''>\r\n					<div class="dt">\r\n					<div class="dc">\r\n								\r\n						<div class="glyph">\r\n							<span class="glyph-item mega" aria-hidden="true" data-icon="&#xe05f;" data-js-prompt="&#xe05f;"></span>\r\n						</div>\r\n		\r\n					</div>\r\n					</div>\r\n					</div>\r\n					\r\n				</div>\r\n				\r\n				<p class="lead">Step 2</p>\r\n				<p>Design the letter text and accompanying text</p>\r\n				\r\n			</div>\r\n			\r\n            <div class="span1">\r\n				<div class=''square-box''>\r\n					\r\n					<div class=''square-content''>\r\n					<div class="dt">\r\n					<div class="dc">\r\n								\r\n						<div class="glyph">\r\n							<span class="glyph-item mega" aria-hidden="true" data-icon="&#xe003;" data-js-prompt="&#xe003;"></span>\r\n						</div>\r\n		\r\n					</div>\r\n					</div>\r\n					</div>\r\n					\r\n				</div>\r\n\r\n				<p class="lead">Step 3</p>\r\n				<p>Choose <nobr>of the recipient</nobr></p>\r\n		\r\n			</div>\r\n			\r\n            <div class="span1">\r\n				<div class=''square-box''>\r\n					\r\n					<div class=''square-content''>\r\n					<div class="dt">\r\n					<div class="dc">\r\n								\r\n						<div class="glyph">\r\n							<span class="glyph-item mega" aria-hidden="true" data-icon="&#xe02a;" data-js-prompt="&#xe02a;"></span>\r\n						</div>\r\n		\r\n					</div>\r\n					</div>\r\n					</div>\r\n					\r\n				</div>\r\n				\r\n				<p class="lead">Step 4</p>\r\n				<p>Pay service in convenient way</p>\r\n				\r\n			</div>\r\n			\r\n            <div class="span1">\r\n				<div class=''square-box''>\r\n					\r\n					<div class=''square-content''>\r\n					<div class="dt">\r\n					<div class="dc">\r\n								\r\n						<div class="glyph">\r\n							<span class="glyph-item mega" aria-hidden="true" data-icon="&#xe01f;" data-js-prompt="&#xe01f;"></span>\r\n						</div>\r\n		\r\n					</div>\r\n					</div>\r\n					</div>\r\n					\r\n				</div>\r\n				\r\n				<p class="lead">Step 5</p>\r\n				<p>After a while your application is sent!</p>\r\n				\r\n			</div>			\r\n		</div>'),
(89, 'ru', '		<div class="row-fluid-5">\r\n			<div class="span5">\r\n				<p class="lead">Вас отделает всего 5 шагов до получения достойной работы!</p>\r\n			</div>\r\n		</div>\r\n		\r\n		<div class="row-fluid-5">\r\n            <div class="span1">\r\n				<div class=''square-box''>\r\n					\r\n					<div class=''square-content''>\r\n					<div class="dt">\r\n					<div class="dc">\r\n								\r\n						<div class="glyph">\r\n							<span class="glyph-item mega" aria-hidden="true" data-icon="&#xe034;" data-js-prompt="&#xe034;"></span>\r\n						</div>\r\n		\r\n					</div>\r\n					</div>\r\n					</div>\r\n					\r\n				</div>\r\n				\r\n				<p class="lead">Шаг 1</p>\r\n				<p>Загружаете анкету и документы</p>\r\n				\r\n			</div>\r\n			\r\n            <div class="span1">\r\n				<div class=''square-box''>\r\n					\r\n					<div class=''square-content''>\r\n					<div class="dt">\r\n					<div class="dc">\r\n								\r\n						<div class="glyph">\r\n							<span class="glyph-item mega" aria-hidden="true" data-icon="&#xe05f;" data-js-prompt="&#xe05f;"></span>\r\n						</div>\r\n		\r\n					</div>\r\n					</div>\r\n					</div>\r\n					\r\n				</div>\r\n				\r\n				<p class="lead">Шаг 2</p>\r\n				<p>Оформляете вид письма и сопроводительный текст</p>\r\n				\r\n			</div>\r\n			\r\n            <div class="span1">\r\n				<div class=''square-box''>\r\n					\r\n					<div class=''square-content''>\r\n					<div class="dt">\r\n					<div class="dc">\r\n								\r\n						<div class="glyph">\r\n							<span class="glyph-item mega" aria-hidden="true" data-icon="&#xe003;" data-js-prompt="&#xe003;"></span>\r\n						</div>\r\n		\r\n					</div>\r\n					</div>\r\n					</div>\r\n					\r\n				</div>\r\n\r\n				<p class="lead">Шаг 3</p>\r\n				<p>Выбираете <nobr>компании-получателей</nobr></p>\r\n		\r\n			</div>\r\n			\r\n            <div class="span1">\r\n				<div class=''square-box''>\r\n					\r\n					<div class=''square-content''>\r\n					<div class="dt">\r\n					<div class="dc">\r\n								\r\n						<div class="glyph">\r\n							<span class="glyph-item mega" aria-hidden="true" data-icon="&#xe02a;" data-js-prompt="&#xe02a;"></span>\r\n						</div>\r\n		\r\n					</div>\r\n					</div>\r\n					</div>\r\n					\r\n				</div>\r\n				\r\n				<p class="lead">Шаг 4</p>\r\n				<p>Оплачиваете услугу удобным для вас способом</p>\r\n				\r\n			</div>\r\n			\r\n            <div class="span1">\r\n				<div class=''square-box''>\r\n					\r\n					<div class=''square-content''>\r\n					<div class="dt">\r\n					<div class="dc">\r\n								\r\n						<div class="glyph">\r\n							<span class="glyph-item mega" aria-hidden="true" data-icon="&#xe01f;" data-js-prompt="&#xe01f;"></span>\r\n						</div>\r\n		\r\n					</div>\r\n					</div>\r\n					</div>\r\n					\r\n				</div>\r\n				\r\n				<p class="lead">Шаг 5</p>\r\n				<p>Через некоторое время ваша анкета разослана!</p>\r\n				\r\n			</div>			\r\n		</div>'),
(90, 'en', 'CV File Name'),
(90, 'ru', 'Имя файла анкеты'),
(91, 'en', 'CV'),
(91, 'ru', 'Анкета|Анкеты|Анкет|Анкеты'),
(92, 'en', 'Attachment|Attachments'),
(92, 'ru', 'Вложение|Вложения|Вожений|Вложения'),
(93, 'en', 'Attachment {number} Name'),
(93, 'ru', 'Имя вложения {number}'),
(94, 'en', 'Reset'),
(94, 'ru', 'Начать сначала'),
(95, 'ru', 'Подтвердить и перейти к оплате'),
(96, 'en', 'Russian Federation'),
(96, 'ru', 'Российская Федерация'),
(97, 'en', 'Ukraine'),
(97, 'ru', 'Украина'),
(98, 'en', 'Middle East'),
(98, 'ru', 'Ближний Восток'),
(100, 'en', 'Order|Orders'),
(100, 'ru', 'Заказ|Заказа|Заказов|Заказы'),
(101, 'en', 'User|Users'),
(101, 'ru', 'Пользователь|Пользователя|Пользователей|Пользователи'),
(102, 'en', 'Parameter|Parameters'),
(102, 'ru', 'Параметр|Параметра|Параметров|Параметры'),
(103, 'en', 'Translation|Translations'),
(103, 'ru', 'Перевод|Перевода|Переводов|Переводы'),
(104, 'en', 'Category|Categories'),
(104, 'ru', 'Категория|Категории|Категорий|Категории'),
(105, 'en', 'Word|Words'),
(105, 'ru', 'Слово|Слова|Слов|Слова'),
(106, 'en', 'Phrase|Phrases'),
(106, 'ru', 'Фраза|Фразы|Фраз|Фразы'),
(107, 'en', 'Name|Names'),
(107, 'ru', 'Имя|Имени|Имён|Имена'),
(108, 'en', 'Value|Values'),
(108, 'ru', 'Значение|Значения|Значений|Значения'),
(109, 'en', 'Language|Languages'),
(109, 'ru', 'Язык|Языка|Языков|Языки'),
(110, 'en', 'English'),
(110, 'ru', 'Английский'),
(111, 'en', 'Russian'),
(111, 'ru', 'Русский'),
(112, 'en', 'Parameter category'),
(112, 'ru', 'Категория параметра'),
(113, 'en', 'Administrator'),
(113, 'ru', 'Администратор'),
(114, 'en', 'Administrator panel'),
(114, 'ru', 'Панель администратора'),
(115, 'en', 'E-mail'),
(115, 'ru', 'Электронная почта'),
(116, 'en', 'Interkassa'),
(116, 'ru', 'Интеркасса'),
(117, 'en', 'Price'),
(117, 'ru', 'Цена'),
(118, 'en', 'E-mail queue'),
(118, 'ru', 'Очередь писем'),
(119, 'en', 'Site'),
(119, 'ru', 'Сайт'),
(120, 'en', 'User'),
(120, 'ru', 'Пользователь'),
(121, 'en', 'E-mail'),
(121, 'ru', 'Электронная почта'),
(122, 'en', 'Login'),
(122, 'ru', 'Логин'),
(123, 'en', 'Password'),
(123, 'ru', 'Пароль'),
(124, 'en', 'Rows per page'),
(124, 'ru', 'Записей на странице'),
(125, 'en', 'Charset'),
(125, 'ru', 'Кодировка'),
(126, 'en', 'Minimum'),
(126, 'ru', 'Минимум'),
(127, 'en', 'Passenger'),
(127, 'ru', 'Пассажирский'),
(128, 'en', 'Offshore'),
(128, 'ru', 'Оффшор'),
(129, 'en', 'Tanker'),
(129, 'ru', 'Танкер'),
(130, 'en', 'Dry Cargo'),
(130, 'ru', 'Сухогруз'),
(131, 'en', 'Sendings per hour (common)'),
(131, 'ru', 'Отправок в час (обычных)'),
(132, 'en', 'Sendings Per Hour (important)'),
(132, 'ru', 'Отправок в час (важных)'),
(133, 'en', 'Contact Email Subject'),
(133, 'ru', 'Тема контактного письма'),
(134, 'en', 'Account Timelife'),
(134, 'ru', 'Время жизни пользователя'),
(135, 'en', 'Host'),
(135, 'ru', 'Адрес сервера'),
(136, 'en', 'Port'),
(136, 'ru', 'Порт'),
(137, 'en', 'User'),
(137, 'ru', 'Пользователь'),
(138, 'en', 'Shop ID'),
(138, 'ru', 'ID Магазина'),
(139, 'en', 'Sign Key'),
(139, 'ru', 'Ключ (электронная подпись)'),
(140, 'en', 'SMTP Secure'),
(140, 'ru', 'Тип безопасности SMTP'),
(141, 'en', 'Use SMTP'),
(141, 'ru', 'Использовать SMTP'),
(142, 'en', 'SMTP Authentication type'),
(142, 'ru', 'Тип авторизации SMTP'),
(143, 'en', 'Your order is completed'),
(143, 'ru', 'Ваш заказ выполнен'),
(144, 'en', 'Order details'),
(144, 'ru', 'Детали заказа'),
(145, 'en', 'Name'),
(145, 'ru', 'Имя шаблона'),
(146, 'en', 'Order completed'),
(146, 'ru', 'Заказ выполнен'),
(147, 'en', 'New order'),
(147, 'ru', 'Новый заказ'),
(148, 'en', 'To the companies list'),
(148, 'ru', 'К списку компаний'),
(149, 'en', 'Companies in base'),
(149, 'ru', 'Всего компаний в базе'),
(150, 'en', 'Offices'),
(150, 'ru', 'Офисы'),
(151, 'en', 'Countries'),
(151, 'ru', 'Страны'),
(152, 'en', '<div>Lorem ipsum dolor sit amet, consectetur adipiscing elit. Nunc non vestibulum ligula, non vestibulum nisi. Sed non aliquam ante, eget malesuada quam. Vivamus dignissim ultrices dignissim. Donec ultricies, nulla rhoncus placerat accumsan, ante mi mattis felis, id varius magna metus ac magna. In nibh odio, egestas quis ligula sed, auctor egestas orci. Nam posuere neque libero, non porttitor turpis iaculis ac. In venenatis purus at quam ultrices hendrerit. Fusce lacus ipsum, venenatis ut rhoncus eu, luctus molestie metus. Pellentesque consequat luctus massa, vitae porta sapien suscipit nec. Nullam mollis, lectus et blandit imperdiet, ante libero dictum mi, eget porttitor odio leo at elit.</div>\r\n<h2>Lorem ipsum dolor sit amet</h2>\r\n<p>Lorem ipsum dolor sit amet, consectetur adipiscing elit. Nunc non vestibulum ligula, non vestibulum nisi. Sed non aliquam ante, eget malesuada quam. Vivamus dignissim ultrices dignissim. Donec ultricies, nulla rhoncus placerat accumsan, ante mi mattis felis, id varius magna metus ac magna. In nibh odio, egestas quis ligula sed, auctor egestas orci. Nam posuere neque libero, non porttitor turpis iaculis ac. In venenatis purus at quam ultrices hendrerit. Fusce lacus ipsum, venenatis ut rhoncus eu, luctus molestie metus. Pellentesque consequat luctus massa, vitae porta sapien suscipit nec. Nullam mollis, lectus et blandit imperdiet, ante libero dictum mi, eget porttitor odio leo at elit.</p>\r\n<p>Cras vel ligula ligula. Class aptent taciti sociosqu ad litora torquent per conubia nostra, per inceptos himenaeos. Proin odio risus, posuere ut neque porta, viverra fermentum tellus. Donec quis sem eros. Morbi euismod mollis ipsum in viverra. Vestibulum vel leo orci. Etiam commodo finibus mi, vitae hendrerit orci egestas mattis. Curabitur a eros nunc. Nam venenatis placerat arcu, eget posuere turpis cursus quis. Aenean porttitor gravida consectetur. Praesent mollis fringilla mauris eu dictum. Vestibulum gravida suscipit diam pharetra pharetra. Suspendisse in laoreet ex, eget blandit purus. Interdum et malesuada fames ac ante ipsum primis in faucibus. Nullam efficitur luctus arcu, in varius odio posuere a. In rhoncus interdum lobortis. Phasellus tempus malesuada ante eu pharetra. In eget erat fermentum, varius risus ac, pellentesque dolor.</p>\r\n<h2>Donec pulvinar iaculis lectus non placerat</h2>\r\n<p>&nbsp;</p>\r\n<p>Donec pulvinar iaculis lectus non placerat. Integer malesuada vehicula eleifend. Donec luctus neque nec eros consequat commodo. Vestibulum sit amet mattis enim. Cras efficitur sodales tincidunt. Sed id diam ullamcorper, gravida elit eu, mattis nibh. Suspendisse in fermentum lorem, in pharetra odio. Nulla placerat enim quis ligula lacinia, non ultrices augue laoreet. Etiam convallis orci et pretium egestas. Suspendisse mollis semper faucibus. Vivamus a quam nec elit dictum semper. Phasellus porta mauris in dui tempus scelerisque. Donec lectus purus, rhoncus vitae dolor quis, pharetra auctor nisl. Nullam vitae metus efficitur, sodales erat in, tincidunt libero. Nam elit libero, laoreet non neque ac, imperdiet sodales ligula. Vestibulum aliquet justo cursus, convallis tortor sed, fermentum neque. Proin vel sapien sit amet dolor elementum rhoncus a sed nisi. Mauris quis enim nibh. Suspendisse potenti. Vestibulum quis arcu et augue convallis efficitur. Nulla fringilla cursus facilisis. Aenean tristique luctus dolor. Curabitur dolor diam, gravida vitae tincidunt id, congue eget augue. Pellentesque sed tincidunt purus. In hac habitasse platea dictumst. Quisque leo lacus, tincidunt eget sem id, fringilla auctor lorem. Aenean sagittis et lorem gravida porta. Sed imperdiet a purus id interdum. In maximus consectetur quam. Vestibulum turpis tellus, malesuada sed porttitor eget, porttitor quis quam. Donec sit amet volutpat risus. Phasellus consectetur tellus nec gravida pellentesque. Pellentesque pellentesque nisl magna, sit amet luctus enim faucibus et. Aenean vitae nunc magna. In id gravida elit.</p>\r\n<h2>Curabitur volutpat dictum porttitor</h2>\r\n<p>&nbsp;</p>\r\n<p>Curabitur volutpat dictum porttitor. Curabitur at venenatis eros. Donec porttitor justo eget urna facilisis consequat. Donec mattis iaculis libero et vehicula. Pellentesque commodo venenatis diam, at rutrum tortor feugiat id. Sed mi massa, ultricies id cursus nec, scelerisque nec quam. Nam ultricies tincidunt purus sed molestie. Sed nec gravida nunc, id luctus augue. Vivamus varius, dui vitae luctus lacinia, mauris ipsum blandit enim, ut aliquet diam neque non magna. Curabitur a eleifend augue. Praesent efficitur sit amet elit eget eleifend. Phasellus diam ipsum, accumsan vitae nisi at, sagittis ultrices ipsum. In eget volutpat elit. Maecenas bibendum nisi id risus malesuada, ac fringilla ligula condimentum. Fusce vehicula sit amet ex consequat suscipit. Phasellus in lorem nec elit pretium faucibus. Pellentesque eros velit, interdum vel faucibus pellentesque, fringilla quis lacus. Nunc elementum, lacus quis pharetra molestie, sapien mauris faucibus quam, eleifend euismod odio nibh ut erat.</p>\r\n<h2>Donec ac sem luctus, porta elit eu, lacinia justo</h2>\r\n<p>&nbsp;</p>\r\n<p>Donec ac sem luctus, porta elit eu, lacinia justo. Curabitur ultrices ante eget mauris tincidunt, vel mattis sem sagittis. Aenean non dolor vel quam dictum dignissim sed id diam. Donec aliquam purus id bibendum interdum. Proin et turpis nec tortor iaculis porttitor id et arcu. Quisque id enim turpis. Curabitur commodo porttitor felis vitae ornare. Nulla pharetra nibh sit amet velit rutrum, condimentum finibus ex dignissim. Morbi vitae pharetra velit. Maecenas a enim blandit, pretium sapien et, finibus sem. Quisque rutrum lacus eget nunc posuere molestie. Suspendisse efficitur auctor dictum. Duis velit nibh, tempus ac ornare eu, cursus in risus. Mauris fermentum maximus lobortis. Sed urna arcu, ultricies at felis eu, porttitor posuere neque. Proin et porta diam. Aliquam nec turpis consectetur, tincidunt risus a, aliquet ex. Ut quis fermentum felis. Nunc viverra ligula vitae ornare mollis. Nam ac tellus fermentum, aliquam enim et, bibendum nunc. Integer imperdiet arcu mollis porttitor viverra. Aenean et neque non magna mattis rutrum. Sed eget cursus urna, eu malesuada dui.</p>\r\n<blockquote>\r\n<p>Proin in porttitor tortor. Nullam dictum enim nec consectetur vehicula. Vestibulum facilisis, velit ut venenatis tincidunt, ante quam fermentum neque, sed volutpat nisi augue dictum augue. Donec pulvinar placerat lacus nec consectetur. Suspendisse gravida lectus sit amet auctor auctor. Curabitur iaculis feugiat dolor, vel facilisis ligula pulvinar gravida.</p>\r\n</blockquote>\r\n<h2>Morbi eleifend malesuada eleifend</h2>\r\n<p>&nbsp;</p>\r\n<p>Morbi eleifend malesuada eleifend. Donec hendrerit nisi magna. Nulla vitae metus iaculis, fringilla urna auctor, volutpat mauris. Fusce congue ipsum aliquet, hendrerit sapien non, aliquet leo. Curabitur commodo ac urna vitae pharetra. Vivamus varius euismod eros. Integer fringilla vestibulum ultrices. Sed sit amet libero sit amet lacus vulputate auctor ut vitae lacus. Phasellus vestibulum lacus sit amet turpis vehicula vehicula. Lorem ipsum dolor sit amet, consectetur adipiscing elit. Etiam nulla ante, congue ultrices gravida id, faucibus eget sapien. Duis eget hendrerit risus, nec porttitor arcu. Aliquam nulla ipsum, rhoncus sed rutrum sed, ullamcorper eu massa. Sed massa nisi, fringilla nec porta sit amet, commodo quis ante. Vivamus libero lectus, commodo sed mi in, fringilla pulvinar nisi. Aliquam a tincidunt massa. In eu vulputate ipsum, eget auctor ligula. Morbi congue vehicula semper. Suspendisse augue nibh, suscipit eu tempus vitae, tincidunt non ante. In blandit ipsum at est blandit malesuada.</p>\r\n<p>Etiam orci mi, euismod vitae iaculis accumsan, efficitur a elit. Morbi pharetra vitae dolor at porta. Sed a ipsum non nibh tempus cursus vel id lacus. Nunc ac libero et augue ornare sollicitudin. Lorem ipsum dolor sit amet, consectetur adipiscing elit. Proin tortor dui, ornare ut laoreet id, feugiat nec sem. Quisque felis neque, laoreet quis mi a, faucibus tempus risus. Proin et dolor massa. Sed iaculis id sem a cursus. Curabitur dignissim aliquam tortor, vitae maximus ex malesuada eu. Nullam ultrices ipsum nec erat euismod maximus. Quisque ut placerat velit. Proin mattis enim sit amet rutrum vulputate.</p>'),
(152, 'ru', '<div>Lorem ipsum dolor sit amet, consectetur adipiscing elit. Nunc non vestibulum ligula, non vestibulum nisi. Sed non aliquam ante, eget malesuada quam. Vivamus dignissim ultrices dignissim. Donec ultricies, nulla rhoncus placerat accumsan, ante mi mattis felis, id varius magna metus ac magna. In nibh odio, egestas quis ligula sed, auctor egestas orci. Nam posuere neque libero, non porttitor turpis iaculis ac. In venenatis purus at quam ultrices hendrerit. Fusce lacus ipsum, venenatis ut rhoncus eu, luctus molestie metus. Pellentesque consequat luctus massa, vitae porta sapien suscipit nec. Nullam mollis, lectus et blandit imperdiet, ante libero dictum mi, eget porttitor odio leo at elit.</div>\r\n<h2>LOREM IPSUM DOLOR SIT AMET</h2>\r\n<p>Lorem ipsum dolor sit amet, consectetur adipiscing elit. Nunc non vestibulum ligula, non vestibulum nisi. Sed non aliquam ante, eget malesuada quam. Vivamus dignissim ultrices dignissim. Donec ultricies, nulla rhoncus placerat accumsan, ante mi mattis felis, id varius magna metus ac magna. In nibh odio, egestas quis ligula sed, auctor egestas orci. Nam posuere neque libero, non porttitor turpis iaculis ac. In venenatis purus at quam ultrices hendrerit. Fusce lacus ipsum, venenatis ut rhoncus eu, luctus molestie metus. Pellentesque consequat luctus massa, vitae porta sapien suscipit nec. Nullam mollis, lectus et blandit imperdiet, ante libero dictum mi, eget porttitor odio leo at elit.</p>\r\n<p>Cras vel ligula ligula. Class aptent taciti sociosqu ad litora torquent per conubia nostra, per inceptos himenaeos. Proin odio risus, posuere ut neque porta, viverra fermentum tellus. Donec quis sem eros. Morbi euismod mollis ipsum in viverra. Vestibulum vel leo orci. Etiam commodo finibus mi, vitae hendrerit orci egestas mattis. Curabitur a eros nunc. Nam venenatis placerat arcu, eget posuere turpis cursus quis. Aenean porttitor gravida consectetur. Praesent mollis fringilla mauris eu dictum. Vestibulum gravida suscipit diam pharetra pharetra. Suspendisse in laoreet ex, eget blandit purus. Interdum et malesuada fames ac ante ipsum primis in faucibus. Nullam efficitur luctus arcu, in varius odio posuere a. In rhoncus interdum lobortis. Phasellus tempus malesuada ante eu pharetra. In eget erat fermentum, varius risus ac, pellentesque dolor.</p>\r\n<h2>DONEC PULVINAR IACULIS LECTUS NON PLACERAT</h2>\r\n<p>&nbsp;</p>\r\n<p>Donec pulvinar iaculis lectus non placerat. Integer malesuada vehicula eleifend. Donec luctus neque nec eros consequat commodo. Vestibulum sit amet mattis enim. Cras efficitur sodales tincidunt. Sed id diam ullamcorper, gravida elit eu, mattis nibh. Suspendisse in fermentum lorem, in pharetra odio. Nulla placerat enim quis ligula lacinia, non ultrices augue laoreet. Etiam convallis orci et pretium egestas. Suspendisse mollis semper faucibus. Vivamus a quam nec elit dictum semper. Phasellus porta mauris in dui tempus scelerisque. Donec lectus purus, rhoncus vitae dolor quis, pharetra auctor nisl. Nullam vitae metus efficitur, sodales erat in, tincidunt libero. Nam elit libero, laoreet non neque ac, imperdiet sodales ligula. Vestibulum aliquet justo cursus, convallis tortor sed, fermentum neque. Proin vel sapien sit amet dolor elementum rhoncus a sed nisi. Mauris quis enim nibh. Suspendisse potenti. Vestibulum quis arcu et augue convallis efficitur. Nulla fringilla cursus facilisis. Aenean tristique luctus dolor. Curabitur dolor diam, gravida vitae tincidunt id, congue eget augue. Pellentesque sed tincidunt purus. In hac habitasse platea dictumst. Quisque leo lacus, tincidunt eget sem id, fringilla auctor lorem. Aenean sagittis et lorem gravida porta. Sed imperdiet a purus id interdum. In maximus consectetur quam. Vestibulum turpis tellus, malesuada sed porttitor eget, porttitor quis quam. Donec sit amet volutpat risus. Phasellus consectetur tellus nec gravida pellentesque. Pellentesque pellentesque nisl magna, sit amet luctus enim faucibus et. Aenean vitae nunc magna. In id gravida elit.</p>\r\n<h2>CURABITUR VOLUTPAT DICTUM PORTTITOR</h2>\r\n<p>&nbsp;</p>\r\n<p>Curabitur volutpat dictum porttitor. Curabitur at venenatis eros. Donec porttitor justo eget urna facilisis consequat. Donec mattis iaculis libero et vehicula. Pellentesque commodo venenatis diam, at rutrum tortor feugiat id. Sed mi massa, ultricies id cursus nec, scelerisque nec quam. Nam ultricies tincidunt purus sed molestie. Sed nec gravida nunc, id luctus augue. Vivamus varius, dui vitae luctus lacinia, mauris ipsum blandit enim, ut aliquet diam neque non magna. Curabitur a eleifend augue. Praesent efficitur sit amet elit eget eleifend. Phasellus diam ipsum, accumsan vitae nisi at, sagittis ultrices ipsum. In eget volutpat elit. Maecenas bibendum nisi id risus malesuada, ac fringilla ligula condimentum. Fusce vehicula sit amet ex consequat suscipit. Phasellus in lorem nec elit pretium faucibus. Pellentesque eros velit, interdum vel faucibus pellentesque, fringilla quis lacus. Nunc elementum, lacus quis pharetra molestie, sapien mauris faucibus quam, eleifend euismod odio nibh ut erat.</p>\r\n<h2>DONEC AC SEM LUCTUS, PORTA ELIT EU, LACINIA JUSTO</h2>\r\n<p>&nbsp;</p>\r\n<p>Donec ac sem luctus, porta elit eu, lacinia justo. Curabitur ultrices ante eget mauris tincidunt, vel mattis sem sagittis. Aenean non dolor vel quam dictum dignissim sed id diam. Donec aliquam purus id bibendum interdum. Proin et turpis nec tortor iaculis porttitor id et arcu. Quisque id enim turpis. Curabitur commodo porttitor felis vitae ornare. Nulla pharetra nibh sit amet velit rutrum, condimentum finibus ex dignissim. Morbi vitae pharetra velit. Maecenas a enim blandit, pretium sapien et, finibus sem. Quisque rutrum lacus eget nunc posuere molestie. Suspendisse efficitur auctor dictum. Duis velit nibh, tempus ac ornare eu, cursus in risus. Mauris fermentum maximus lobortis. Sed urna arcu, ultricies at felis eu, porttitor posuere neque. Proin et porta diam. Aliquam nec turpis consectetur, tincidunt risus a, aliquet ex. Ut quis fermentum felis. Nunc viverra ligula vitae ornare mollis. Nam ac tellus fermentum, aliquam enim et, bibendum nunc. Integer imperdiet arcu mollis porttitor viverra. Aenean et neque non magna mattis rutrum. Sed eget cursus urna, eu malesuada dui.</p>\r\n<blockquote>\r\n<p>Proin in porttitor tortor. Nullam dictum enim nec consectetur vehicula. Vestibulum facilisis, velit ut venenatis tincidunt, ante quam fermentum neque, sed volutpat nisi augue dictum augue. Donec pulvinar placerat lacus nec consectetur. Suspendisse gravida lectus sit amet auctor auctor. Curabitur iaculis feugiat dolor, vel facilisis ligula pulvinar gravida.</p>\r\n</blockquote>\r\n<h2>MORBI ELEIFEND MALESUADA ELEIFEND</h2>\r\n<p>&nbsp;</p>\r\n<p>Morbi eleifend malesuada eleifend. Donec hendrerit nisi magna. Nulla vitae metus iaculis, fringilla urna auctor, volutpat mauris. Fusce congue ipsum aliquet, hendrerit sapien non, aliquet leo. Curabitur commodo ac urna vitae pharetra. Vivamus varius euismod eros. Integer fringilla vestibulum ultrices. Sed sit amet libero sit amet lacus vulputate auctor ut vitae lacus. Phasellus vestibulum lacus sit amet turpis vehicula vehicula. Lorem ipsum dolor sit amet, consectetur adipiscing elit. Etiam nulla ante, congue ultrices gravida id, faucibus eget sapien. Duis eget hendrerit risus, nec porttitor arcu. Aliquam nulla ipsum, rhoncus sed rutrum sed, ullamcorper eu massa. Sed massa nisi, fringilla nec porta sit amet, commodo quis ante. Vivamus libero lectus, commodo sed mi in, fringilla pulvinar nisi. Aliquam a tincidunt massa. In eu vulputate ipsum, eget auctor ligula. Morbi congue vehicula semper. Suspendisse augue nibh, suscipit eu tempus vitae, tincidunt non ante. In blandit ipsum at est blandit malesuada.</p>\r\n<p>Etiam orci mi, euismod vitae iaculis accumsan, efficitur a elit. Morbi pharetra vitae dolor at porta. Sed a ipsum non nibh tempus cursus vel id lacus. Nunc ac libero et augue ornare sollicitudin. Lorem ipsum dolor sit amet, consectetur adipiscing elit. Proin tortor dui, ornare ut laoreet id, feugiat nec sem. Quisque felis neque, laoreet quis mi a, faucibus tempus risus. Proin et dolor massa. Sed iaculis id sem a cursus. Curabitur dignissim aliquam tortor, vitae maximus ex malesuada eu. Nullam ultrices ipsum nec erat euismod maximus. Quisque ut placerat velit. Proin mattis enim sit amet rutrum vulputate.</p>'),
(153, 'en', 'Agree'),
(153, 'ru', 'Согласен'),
(154, 'en', 'Design and text of the letter'),
(154, 'ru', 'Оформление и текст письма'),
(155, 'en', 'Confirm data'),
(155, 'ru', 'Подтвердите данные'),
(156, 'en', 'Payment services'),
(156, 'ru', 'Оплата услуги'),
(157, 'en', 'Order details'),
(157, 'ru', 'Детали заказа'),
(158, 'en', 'Account details'),
(158, 'ru', 'Детали счёта'),
(159, 'en', 'Notification companies'),
(159, 'ru', 'Ход оповещения компаний'),
(160, 'en', 'Number of order'),
(160, 'ru', 'Номер заказа'),
(161, 'en', 'Selected companies'),
(161, 'ru', 'Выбранно компаний'),
(162, 'en', 'Cost'),
(162, 'ru', 'Стоимость'),
(163, 'en', 'Paid'),
(163, 'ru', 'Оплачено'),
(164, 'en', 'Go to payment'),
(164, 'ru', 'Перейти к оплате'),
(165, 'en', 'View status'),
(165, 'ru', 'Просмотреть статус'),
(166, 'en', 'Total notification companies'),
(166, 'ru', 'Компаний оповещенно'),
(167, 'en', 'COMPLETED'),
(167, 'ru', 'ЗАВЕРШЕН'),
(168, 'en', 'NOT COMPLETED'),
(168, 'ru', 'НЕ ЗАВЕРШЕН'),
(169, 'en', 'Unnotificated companies left'),
(169, 'ru', 'Осталось неоповещённых компаний'),
(170, 'en', 'Order status'),
(170, 'ru', 'Статус заказа'),
(171, 'en', 'Payment'),
(171, 'ru', 'Оплата'),
(172, 'en', 'Payment status'),
(172, 'ru', 'Статус оплаты'),
(173, 'en', 'Report'),
(173, 'ru', 'Отчёт'),
(174, 'en', 'on the implementation of services'),
(174, 'ru', 'о выполнении услуги'),
(175, 'en', 'List of Companies');
INSERT INTO `Message` (`id`, `language`, `translation`) VALUES
(175, 'ru', 'Список компаний'),
(176, 'en', 'Contact'),
(176, 'ru', 'Контакты'),
(177, 'en', 'All Rights Reserved'),
(177, 'ru', 'Все права защищены'),
(178, 'en', 'Personal account'),
(178, 'ru', 'Личный кабинет'),
(179, 'en', 'The order pay is fail'),
(179, 'ru', 'Ошибка оплаты'),
(180, 'en', 'Sorry! But has been some error when you tried to pay. Please, try again.'),
(180, 'ru', 'Извините! Но произошла ошибка, когда вы пытались заплатить. Пожалуйста, попробуйте еще раз.'),
(181, 'en', 'Paying of the order is pending'),
(181, 'ru', 'Оплата заказа находится на рассмотрении'),
(182, 'en', 'Thank you! Your payment is pending now.'),
(182, 'ru', 'Спасибо! Ваш платеж сейчас находится на рассмотрении.'),
(183, 'en', 'The order is successfully paid up'),
(183, 'ru', 'Заказ успешно оплачен'),
(184, 'en', 'Thank you!<br />Your order is paid up, and will be started at nearest time.'),
(184, 'ru', 'Спасибо! <br /> Ваш заказ оплачен, и будет запущен в ближайшее время.'),
(185, 'en', 'This csv file same with your companies, nothing new to import. If you still want to import, data will be refreshed'),
(185, 'ru', 'Этот csv файл идентичен со списком компаний, импорт произойдет без изменений. После импорта информация будет обновлена.'),
(186, 'en', 'RU'),
(186, 'ru', 'RU'),
(187, 'en', 'EN'),
(187, 'ru', 'EN'),
(188, 'en', 'New companies'),
(188, 'ru', 'Новые компании'),
(189, 'en', 'Existent domain name'),
(189, 'ru', 'С существующим доменом'),
(190, 'en', 'Сlick here to see all emails with domain'),
(190, 'ru', 'Нажмите что бы увидеть все email с доменом'),
(191, 'en', 'Will be updated'),
(191, 'ru', 'Будут обновлены'),
(192, 'en', 'Cancel'),
(192, 'ru', 'Отмена'),
(193, 'en', 'Work area'),
(193, 'ru', 'Сектор'),
(194, 'en', 'Create'),
(194, 'ru', 'Создать'),
(195, 'en', 'Save'),
(195, 'ru', 'Сохранить'),
(196, 'en', 'Email templates'),
(196, 'ru', 'Шаблоны писем'),
(197, 'en', 'Type'),
(197, 'ru', 'Тип'),
(198, 'en', 'Manage Companies'),
(198, 'ru', 'Управление Компаниями'),
(199, 'en', 'You may optionally enter a comparison operator (<b>&lt;</b>, <b>&lt;=</b>, <b>&gt;</b>, <b>&gt;=</b>, <b>&lt;&gt;</b>\r\nor <b>=</b>) at the beginning of each of your search values to specify how the comparison should be done.'),
(199, 'ru', 'Можно ввести оператор сравнения (<, <=,>,> =, <> или =) в начале каждого из ваших ценностей поиска, чтобы определить, как сравнение должно быть сделано.'),
(200, 'en', 'Advanced Search'),
(200, 'ru', 'Расширенный поиск'),
(201, 'en', 'Manage Orders'),
(201, 'ru', 'Управление Заказами'),
(202, 'en', 'Manage Users'),
(202, 'ru', 'Управление Пользователями'),
(203, 'en', 'Manage Parameters'),
(203, 'ru', 'Управление Параметрами'),
(204, 'en', 'Manage Translations'),
(204, 'ru', 'Управление Переводами'),
(205, 'en', 'Manage Email Templates'),
(205, 'ru', 'Управление Шаблонами Писем'),
(206, 'en', 'Manage Page Translation'),
(206, 'ru', 'Управление Переводами Страниц'),
(207, 'en', 'Pages'),
(207, 'ru', 'Страницы'),
(208, 'en', 'Operations'),
(208, 'ru', 'Управление'),
(209, 'en', 'Csv import'),
(209, 'ru', 'Импорт Csv'),
(210, 'en', 'Csv export'),
(210, 'ru', 'Экспорт Csv'),
(211, 'en', 'List User'),
(211, 'ru', 'Список пользователей'),
(212, 'en', 'Create User'),
(212, 'ru', 'Создать пользователя'),
(213, 'en', 'Manage User'),
(213, 'ru', 'Управление пользователями'),
(214, 'en', 'Update User'),
(214, 'ru', 'Обновить позльзователя'),
(215, 'en', 'Delete User'),
(215, 'ru', 'Удалить пользователя'),
(216, 'en', 'View User'),
(216, 'ru', 'Посмотреть пользователя'),
(217, 'en', 'Manage Parameter'),
(217, 'ru', 'Управление парамерами'),
(218, 'en', 'Update Parameter'),
(218, 'ru', 'Обновить параметр'),
(219, 'en', 'Create Translation'),
(219, 'ru', 'Создать перевод'),
(220, 'en', 'Manage Translation'),
(220, 'ru', 'Управление переводами'),
(221, 'en', 'View Translation'),
(221, 'ru', 'Просмотр перевода'),
(222, 'en', 'Create translation'),
(222, 'ru', 'Создать перевод'),
(223, 'en', 'Delete Translation'),
(223, 'ru', 'Удалить перевод'),
(224, 'en', 'Update Translation'),
(224, 'ru', 'Редактировать перевод'),
(225, 'en', 'Create Email Template'),
(225, 'ru', 'Создать шаблон письма'),
(226, 'en', 'Create Emailtemplate'),
(226, 'ru', 'Создать шаблон письма'),
(227, 'en', 'Delete Emailtemplate'),
(227, 'ru', 'Удалить шаблон письма'),
(228, 'en', 'Update Emailtemplate'),
(228, 'ru', 'Редактировать шаблон письма'),
(229, 'en', 'Manage Emailtemplates'),
(229, 'ru', 'Управление шаблонами писем'),
(230, 'en', 'View Emailtemplate'),
(230, 'ru', 'Просмотр шаблона письма'),
(231, 'en', 'Create Page Translation'),
(231, 'ru', 'Создать перевод страницы'),
(232, 'en', 'Delete Page Translation'),
(232, 'ru', 'Удалить перевод страницы'),
(233, 'en', 'Update Page Translation'),
(233, 'ru', 'Редактировать перевод страницы'),
(234, 'en', 'Manage Pages Translation'),
(234, 'ru', 'Управление переводом страниц'),
(235, 'en', 'View Page Translation'),
(235, 'ru', 'Просмотр перевода страницы'),
(236, 'en', 'List Order'),
(236, 'ru', 'Список заказов'),
(237, 'en', 'Create Order'),
(237, 'ru', 'Создать заказ'),
(238, 'en', 'Update Order'),
(238, 'ru', 'Редактировать заказ'),
(239, 'en', 'Delete Order'),
(239, 'ru', 'Удалить заказ'),
(240, 'en', 'Manage Order'),
(240, 'ru', 'Управление заказами'),
(241, 'en', 'View Order'),
(241, 'ru', 'Просмотр заказа'),
(242, 'en', 'Run'),
(242, 'ru', 'Запустить'),
(243, 'en', 'Executed'),
(243, 'ru', 'Выполнен'),
(244, 'en', 'Amount'),
(244, 'ru', 'Сумма'),
(245, 'en', 'Creation Date'),
(245, 'ru', 'Дата создания'),
(246, 'en', 'Number'),
(246, 'ru', 'Номер'),
(247, 'en', 'Or just click here, for instant redirect'),
(247, 'ru', 'Или просто нажмите здесь, для мгновенного перенаправления'),
(248, 'en', 'You will be redirected in'),
(248, 'ru', 'Вы будете перенаправлены через'),
(249, 'en', 'Search'),
(249, 'ru', 'Поиск'),
(250, 'en', 'Sector'),
(250, 'ru', 'Сектор'),
(251, 'en', 'Identificator'),
(251, 'ru', 'Идентефикатор'),
(252, 'en', 'Currency'),
(252, 'ru', 'Валюта'),
(253, 'en', 'Creation Date'),
(253, 'ru', 'Дата создания'),
(255, 'en', 'Status'),
(255, 'ru', 'Статус'),
(256, 'en', 'Unpaid'),
(256, 'ru', 'Не оплачено'),
(257, 'en', 'Paid'),
(257, 'ru', 'Оплачено'),
(258, 'en', 'License Agreements'),
(258, 'ru', 'Лицензионное соглашение'),
(259, 'en', 'Congratulations! Order is paid. Please check your email or click button below for more information.'),
(259, 'ru', 'Поздравляем! Заказ оплачен. Пожалуйста проверьте свою электронную почту или нажмите кнопку ниже для более подробной информации.'),
(260, 'en', 'Finished'),
(260, 'ru', 'Заказ оплачен'),
(261, 'en', 'Lorem ipsum dolor sit amet, consectetur adipiscing elit. Pellentesque placerat vestibulum fringilla. Aenean sem purus, efficitur sollicitudin ex nec, iaculis tincidunt lacus. Nunc consequat enim sed dignissim ultrices. Suspendisse a mauris accumsan, egestas felis sit amet, iaculis neque. Vivamus malesuada rutrum nunc ac tempus. Sed euismod dui scelerisque euismod vehicula. Fusce eget mauris eu est semper congue. Aliquam enim nulla, efficitur sit amet turpis sed, dictum euismod nibh.'),
(261, 'ru', 'Lorem ipsum dolor sit amet, consectetur adipiscing elit. Pellentesque placerat vestibulum fringilla. Aenean sem purus, efficitur sollicitudin ex nec, iaculis tincidunt lacus. Nunc consequat enim sed dignissim ultrices. Suspendisse a mauris accumsan, egestas felis sit amet, iaculis neque. Vivamus malesuada rutrum nunc ac tempus. Sed euismod dui scelerisque euismod vehicula. Fusce eget mauris eu est semper congue. Aliquam enim nulla, efficitur sit amet turpis sed, dictum euismod nibh.'),
(262, 'en', 'Subject'),
(262, 'ru', 'Тема письма'),
(263, 'en', 'Content'),
(263, 'ru', 'Текст письма'),
(264, 'en', 'Page part'),
(264, 'ru', 'Часть страницы'),
(265, 'en', 'License'),
(265, 'ru', 'Лицензионное соглашение'),
(266, 'en', 'Home page'),
(266, 'ru', 'Главная страница'),
(267, 'en', 'Step 1'),
(267, 'ru', 'Шаг 1');

-- --------------------------------------------------------

--
-- Table structure for table `officeregions`
--

DROP TABLE IF EXISTS `officeregions`;
CREATE TABLE IF NOT EXISTS `officeregions` (
  `id` int(11) NOT NULL AUTO_INCREMENT,
  `office` int(11) NOT NULL,
  `region` varchar(2) NOT NULL,
  PRIMARY KEY (`id`),
  KEY `fk_officeregions_office_idx` (`office`)
) ENGINE=InnoDB  DEFAULT CHARSET=utf8 AUTO_INCREMENT=422 ;

--
-- Dumping data for table `officeregions`
--

INSERT INTO `officeregions` (`id`, `office`, `region`) VALUES
(403, 102, 'ee'),
(404, 35, 'eu'),
(405, 1, 'ee'),
(406, 36, 'ee'),
(407, 36, 'eu'),
(408, 2, 'ee'),
(409, 2, 'eu'),
(410, 3, 'eu'),
(411, 3, 'ee'),
(412, 4, 'eu'),
(413, 4, 'ee'),
(414, 5, 'ee'),
(415, 6, 'eu'),
(416, 15, 'ee'),
(417, 9, 'eu'),
(418, 51, 'ee'),
(419, 67, 'ee'),
(420, 101, 'ee'),
(421, 103, 'eu');

-- --------------------------------------------------------

--
-- Table structure for table `offices`
--

DROP TABLE IF EXISTS `offices`;
CREATE TABLE IF NOT EXISTS `offices` (
  `id` int(11) NOT NULL AUTO_INCREMENT,
  `company` int(11) NOT NULL,
  `name` varchar(255) DEFAULT '',
  `email` varchar(255) NOT NULL,
  `country` varchar(2) DEFAULT '',
  `inactive` tinyint(1) NOT NULL DEFAULT '0',
  PRIMARY KEY (`id`),
  KEY `FKCompanyGeographicAreasCompanyIndex` (`company`)
) ENGINE=InnoDB  DEFAULT CHARSET=utf8 AUTO_INCREMENT=104 ;

--
-- Dumping data for table `offices`
--

INSERT INTO `offices` (`id`, `company`, `name`, `email`, `country`, `inactive`) VALUES
(1, 1, '', 'email1@m.ru', 'en', 0),
(2, 2, '', 'email2@m.ru', 'en', 0),
(3, 3, '', 'email6@m.ru', '', 0),
(4, 4, '', 'email5@m.ru', '', 0),
(5, 5, '', 'email7@m.ru', '', 0),
(6, 6, '', 'email3@m.ru', 'en', 0),
(7, 7, '', 'email8@m.ru', '', 0),
(8, 8, '', 'email4@m.ru', '', 0),
(9, 9, '', 'j@d.ii', '', 0),
(15, 15, '', 'email4New@gmail.ru', '', 0),
(21, 21, '', 'emai1l3@m.ru', 'en', 0),
(25, 25, '', 'j@dd.ii', '', 0),
(35, 35, '', 'email2d1@m.ru', 'en', 0),
(36, 36, '', 'emai2ddl2@m.ru', 'en', 0),
(51, 51, '', 'pinchoalex@gmail.com', 'en', 0),
(67, 67, '', 'pinkevych@outsourcing-ukraine.com', 'en', 0),
(84, 84, '', 'pisarkov@outsourcing-ukraine.com', 'no', 0),
(101, 101, '', 'xxxfreyxxx@gmail.com', 'en', 0),
(102, 102, '', 'email_new@m.ru', 'nl', 0),
(103, 103, '', 'adasd@sadds.com', 'en', 0);

-- --------------------------------------------------------

--
-- Table structure for table `officeworkareas`
--

DROP TABLE IF EXISTS `officeworkareas`;
CREATE TABLE IF NOT EXISTS `officeworkareas` (
  `id` int(11) NOT NULL AUTO_INCREMENT,
  `office` int(11) NOT NULL,
  `workArea` varchar(2) NOT NULL,
  PRIMARY KEY (`id`),
  KEY `fk_officeworkareas_office_idx` (`office`)
) ENGINE=InnoDB  DEFAULT CHARSET=utf8 AUTO_INCREMENT=837 ;

--
-- Dumping data for table `officeworkareas`
--

INSERT INTO `officeworkareas` (`id`, `office`, `workArea`) VALUES
(806, 102, 'ps'),
(807, 35, 'dc'),
(808, 1, 'dc'),
(809, 36, 'dc'),
(810, 36, 'os'),
(811, 36, 'tk'),
(812, 2, 'dc'),
(813, 3, 'dc'),
(814, 3, 'os'),
(815, 4, 'tk'),
(816, 5, 'ps'),
(817, 6, 'os'),
(818, 21, 'os'),
(819, 7, 'os'),
(820, 15, 'ps'),
(821, 15, 'os'),
(822, 8, 'ps'),
(823, 9, 'dc'),
(824, 25, 'dc'),
(825, 25, 'os'),
(826, 25, 'tk'),
(827, 51, 'dc'),
(828, 51, 'os'),
(829, 67, 'dc'),
(830, 67, 'os'),
(831, 67, 'tk'),
(832, 101, 'dc'),
(833, 101, 'os'),
(834, 84, 'ps'),
(835, 84, 'os'),
(836, 103, 'dc');

-- --------------------------------------------------------

--
-- Table structure for table `orders`
--

DROP TABLE IF EXISTS `orders`;
CREATE TABLE IF NOT EXISTS `orders` (
  `id` int(11) NOT NULL AUTO_INCREMENT,
  `user` int(11) NOT NULL,
  `number` varchar(100) NOT NULL,
  `creationDate` date NOT NULL,
  `amount` decimal(10,2) NOT NULL,
  `currency` char(3) DEFAULT 'USD',
  `paid` int(1) NOT NULL DEFAULT '0',
  `executed` int(1) NOT NULL DEFAULT '0',
  PRIMARY KEY (`id`),
  KEY `fk_orders_user_idx` (`user`)
) ENGINE=InnoDB  DEFAULT CHARSET=utf8 AUTO_INCREMENT=106 ;

--
-- Dumping data for table `orders`
--

INSERT INTO `orders` (`id`, `user`, `number`, `creationDate`, `amount`, `currency`, `paid`, `executed`) VALUES
(32, 30, '7181408293487', '2014-08-17', '4.00', 'UAH', 1, 0),
(33, 31, '6511408295310', '2014-10-27', '4.00', 'UAH', 1, 0),
(34, 32, '3171408295963', '2014-08-17', '4.00', 'UAH', 1, 0),
(35, 33, '1661409660542', '2014-09-02', '4.00', 'UAH', 0, 0),
(36, 34, '5851409660882', '2014-09-02', '4.00', 'UAH', 0, 1),
(37, 35, '5671409755286', '2014-09-03', '4.00', 'UAH', 0, 0),
(38, 36, '4261410258809', '2014-09-09', '4.00', 'UAH', 0, 0),
(39, 37, '4801410524816', '2014-09-12', '4.00', 'UAH', 0, 0),
(40, 38, '4511410524934', '2014-09-12', '4.00', 'UAH', 0, 0),
(41, 39, '2891410525035', '2014-09-12', '4.00', 'UAH', 0, 0),
(42, 40, '4761410525111', '2014-09-12', '4.00', 'UAH', 0, 0),
(43, 41, '5591411384450', '2014-09-22', '8.20', 'UAH', 0, 0),
(44, 42, '7021411385020', '2014-09-22', '8.20', 'USD', 0, 0),
(45, 43, '2301411386745', '2014-09-22', '8.20', 'USD', 0, 0),
(46, 44, '7491411386924', '2014-09-22', '10.00', 'USD', 0, 0),
(47, 45, '1951411746891', '2014-09-26', '10.00', 'USD', 0, 0),
(48, 46, '8221411747598', '2014-09-26', '10.00', 'USD', 0, 0),
(49, 47, '2431411747673', '2014-09-26', '10.00', 'USD', 0, 0),
(50, 48, '3081413978029', '2014-10-22', '10.00', 'USD', 0, 0),
(51, 49, '2061413979092', '2014-10-22', '10.00', 'USD', 0, 0),
(52, 50, '4361414070731', '2014-10-23', '15.35', 'USD', 1, 0),
(53, 52, '2351414074986', '2014-10-23', '10.00', 'USD', 1, 0),
(54, 53, '9681414075334', '2014-10-23', '15.35', 'USD', 1, 0),
(55, 54, '1861414129103', '2014-10-24', '11.35', 'USD', 1, 0),
(56, 55, '8621414131395', '2014-10-24', '10.00', 'USD', 1, 0),
(57, 56, '3771414132718', '2014-10-24', '11.35', 'USD', 1, 0),
(58, 57, '0191414133233', '2014-10-24', '11.35', 'USD', 1, 0),
(59, 58, '9191414133934', '2014-10-24', '12.20', 'USD', 1, 0),
(60, 59, '5311414134265', '2014-10-24', '10.00', 'USD', 1, 0),
(61, 60, '5661414135023', '2014-10-24', '11.35', 'USD', 1, 0),
(62, 61, '5391414135119', '2014-10-24', '11.35', 'USD', 1, 0),
(63, 62, '2261414135241', '2014-10-24', '11.35', 'USD', 1, 0),
(64, 63, '8001414135491', '2014-10-24', '11.35', 'USD', 1, 0),
(65, 64, '6011414137458', '2014-10-24', '11.35', 'USD', 1, 0),
(66, 65, '2551414137975', '2014-10-24', '11.35', 'USD', 1, 0),
(67, 66, '2741414138485', '2014-10-24', '15.35', 'USD', 1, 0),
(69, 68, '1301414140712', '2014-10-24', '10.00', 'USD', 1, 1),
(71, 70, '2601414154981', '2014-10-24', '10.00', 'USD', 0, 0),
(72, 72, '6931414396926', '2014-10-27', '10.00', 'USD', 1, 1),
(73, 73, '1381414398065', '2014-10-27', '11.35', 'USD', 1, 1),
(74, 74, '7721414398480', '2014-10-27', '10.00', 'USD', 1, 1),
(75, 75, '8011414399943', '2014-10-27', '10.00', 'USD', 1, 1),
(76, 76, '7531414400451', '2014-10-27', '10.00', 'USD', 1, 1),
(77, 77, '5241414400752', '2014-10-27', '10.00', 'USD', 1, 1),
(78, 78, '3571414401198', '2014-10-27', '10.00', 'USD', 1, 1),
(79, 79, '4041414402322', '2014-10-27', '10.00', 'USD', 1, 1),
(80, 80, '4711414402712', '2014-10-27', '10.00', 'USD', 0, 0),
(81, 81, '9331414403011', '2014-10-27', '10.00', 'USD', 0, 0),
(82, 82, '4071414403644', '2014-10-27', '10.00', 'USD', 1, 1),
(83, 83, '2301414403798', '2014-10-27', '10.00', 'USD', 1, 1),
(84, 84, '8321414404006', '2014-10-27', '10.00', 'USD', 1, 1),
(85, 85, '1011414404561', '2014-10-27', '12.20', 'USD', 1, 1),
(86, 86, '6961414404720', '2014-10-27', '12.20', 'USD', 1, 1),
(87, 87, '2991414405058', '2014-10-27', '12.20', 'USD', 1, 1),
(88, 88, '5261414408553', '2014-10-27', '12.20', 'USD', 1, 1),
(89, 89, '8931414408800', '2014-10-27', '12.20', 'USD', 1, 1),
(90, 90, '7961414411006', '2014-10-27', '12.20', 'USD', 1, 1),
(91, 91, '7181414411616', '2014-10-27', '12.20', 'USD', 1, 1),
(92, 92, '3321414411850', '2014-10-27', '12.20', 'USD', 1, 1),
(93, 93, '9881414412545', '2014-10-27', '12.20', 'USD', 1, 1),
(94, 94, '1311414413162', '2014-10-27', '12.20', 'USD', 1, 1),
(95, 95, '2801414413410', '2014-10-27', '12.20', 'USD', 1, 1),
(96, 96, '8451414414124', '2014-10-27', '12.20', 'USD', 1, 1),
(97, 97, '8541414418796', '2014-10-27', '15.35', 'USD', 1, 1),
(98, 98, '5431414419982', '2014-10-27', '15.35', 'USD', 1, 1),
(99, 99, '2301414423037', '2014-10-27', '15.35', 'USD', 1, 1),
(100, 100, '2711414423525', '2014-10-27', '15.35', 'USD', 1, 1),
(101, 101, '3061414480830', '2014-10-28', '12.20', 'USD', 1, 1),
(102, 102, '5401414483594', '2014-10-28', '15.35', 'USD', 1, 1),
(103, 103, '4651414484801', '2014-10-28', '15.35', 'USD', 1, 1),
(104, 104, '6971414486044', '2014-10-28', '15.35', 'USD', 1, 1),
(105, 105, '5671414492019', '2014-10-28', '12.20', 'USD', 1, 1);

-- --------------------------------------------------------

--
-- Table structure for table `orderStatus`
--

DROP TABLE IF EXISTS `orderStatus`;
CREATE TABLE IF NOT EXISTS `orderStatus` (
  `id` int(11) NOT NULL AUTO_INCREMENT,
  `order` int(11) NOT NULL,
  `company` int(11) NOT NULL,
  `datetime` datetime DEFAULT NULL,
  `success` tinyint(1) DEFAULT NULL,
  PRIMARY KEY (`id`),
  KEY `fk_orderStatus_order_idx` (`order`),
  KEY `fk_orderStatus_company_idx` (`company`)
) ENGINE=InnoDB  DEFAULT CHARSET=utf8 AUTO_INCREMENT=18 ;

--
-- Dumping data for table `orderStatus`
--

INSERT INTO `orderStatus` (`id`, `order`, `company`, `datetime`, `success`) VALUES
(6, 1, 1, '2014-07-29 00:00:00', 1),
(7, 1, 2, '2014-07-29 00:00:00', 1),
(8, 2, 8, '2014-07-29 00:00:00', 1),
(9, 1, 1, '2014-07-30 00:00:00', 1),
(10, 1, 2, '2014-07-31 00:00:00', 1),
(11, 34, 1, '2014-08-17 18:34:24', 1),
(12, 34, 2, '2014-08-17 18:56:12', 1),
(13, 34, 5, '2014-08-17 19:34:00', 1),
(14, 34, 7, '2014-08-17 19:34:00', 1),
(15, 34, 6, '2014-08-17 19:34:00', 1),
(16, 34, 2, '2014-08-17 19:34:00', 1),
(17, 34, 5, '2014-08-17 19:34:00', 1);

-- --------------------------------------------------------

--
-- Table structure for table `parameters`
--

DROP TABLE IF EXISTS `parameters`;
CREATE TABLE IF NOT EXISTS `parameters` (
  `id` int(11) NOT NULL AUTO_INCREMENT,
  `category` varchar(50) DEFAULT NULL,
  `name` varchar(100) NOT NULL,
  `value` varchar(255) NOT NULL,
  PRIMARY KEY (`id`)
) ENGINE=InnoDB  DEFAULT CHARSET=utf8 AUTO_INCREMENT=25 ;

--
-- Dumping data for table `parameters`
--

INSERT INTO `parameters` (`id`, `category`, `name`, `value`) VALUES
(1, 'admin', 'email', 'admin@maritime-cv.com'),
(2, 'email', 'smtp', '1'),
(3, 'email', 'smtpAuth', '1'),
(4, 'email', 'smtpSecure', 'ssl'),
(5, 'email', 'host', 'host413.hostmonster.com'),
(6, 'email', 'port', '465'),
(7, 'email', 'user', 'no-reply@maritime-cv.com'),
(8, 'email', 'password', 'nCOb5jMxnVMVCKBZRiUx'),
(9, 'email', 'charset', 'UTF-8'),
(10, 'interkassa', 'shopId', '538ec854bf4efc6719507933'),
(11, 'interkassa', 'signKey', 'IcqdLHLZtg8rR8Gf'),
(12, 'queue', 'sendingsPerHour', '5'),
(13, 'queue', 'importantSendingsPerHour', '2'),
(14, 'admin', 'login', 'admin'),
(15, 'admin', 'password', 'lqDjIGnRPPT4x1l0AHij'),
(16, 'user', 'accountTimelife', '30'),
(18, 'adminPanel', 'rowsPerPage', '50'),
(19, 'site', 'contactEmailSubject', 'Contact Email'),
(20, 'price', 'dc', '5.60'),
(21, 'price', 'os', '2.7'),
(22, 'price', 'ps', '3.15'),
(23, 'price', 'tk', '4'),
(24, 'price', 'minimum', '10');

-- --------------------------------------------------------

--
-- Table structure for table `payments`
--

DROP TABLE IF EXISTS `payments`;
CREATE TABLE IF NOT EXISTS `payments` (
  `id` int(11) NOT NULL,
  `order` int(10) NOT NULL,
  `amount` decimal(10,2) NOT NULL DEFAULT '0.00',
  `ikTransaction` varchar(100) DEFAULT NULL,
  `method` varchar(100) DEFAULT NULL,
  `date` date DEFAULT NULL,
  `status` varchar(45) DEFAULT NULL,
  PRIMARY KEY (`id`),
  KEY `fk_payment_order_idx` (`order`)
) ENGINE=InnoDB DEFAULT CHARSET=utf8;

-- --------------------------------------------------------

--
-- Table structure for table `SourceMessage`
--

DROP TABLE IF EXISTS `SourceMessage`;
CREATE TABLE IF NOT EXISTS `SourceMessage` (
  `id` int(11) NOT NULL AUTO_INCREMENT,
  `category` varchar(32) DEFAULT NULL,
  `message` text,
  PRIMARY KEY (`id`)
) ENGINE=InnoDB  DEFAULT CHARSET=utf8 AUTO_INCREMENT=268 ;

--
-- Dumping data for table `SourceMessage`
--

INSERT INTO `SourceMessage` (`id`, `category`, `message`) VALUES
(0, 'phrase', 'CV and Attachments'),
(1, 'word', 'All'),
(2, 'workArea', 'dc'),
(3, 'workArea', 'os'),
(4, 'workArea', 'tk'),
(5, 'workArea', 'ps'),
(7, 'region', 'eu'),
(8, 'country', 'ru'),
(9, 'country', 'en'),
(10, 'country', 'ua'),
(11, 'word', 'Sector'),
(12, 'word', 'Region'),
(13, 'word', 'Country'),
(14, 'word', 'Company'),
(15, 'phrase', 'Previous Step'),
(16, 'phrase', 'Next Step'),
(17, 'phrase', 'Selecting crewing agencies'),
(18, 'pagePart', 'This is companies select page. Please, select companies that you are interested. You may use filters in left part of page or set checkboxes manually.'),
(19, 'phrase', 'Crewing Agencies'),
(20, 'word', 'Step'),
(21, 'phrase', 'CV and Attachments'),
(22, 'phrase', 'Design and Content'),
(23, 'phrase', 'Crewing Companies'),
(24, 'phrase', 'Order Payment'),
(25, 'phrase', 'Email Campaign'),
(26, 'word', 'Template'),
(27, 'phrase', 'Color Scheme'),
(28, 'phrase', 'Email Subject'),
(29, 'phrase', 'Email Content'),
(30, 'phrase', 'How It Works'),
(31, 'country', 'no'),
(32, 'country', 'ge'),
(33, 'country', 'lv'),
(34, 'region', 'bs'),
(35, 'colorScheme', 'mz'),
(36, 'emailTemplateName', 'cv-default'),
(37, 'emailTemplateContent', 'cv-default'),
(38, 'emailTemplateContent', 'cv-exp'),
(39, 'emailTemplateName', 'cv-exp'),
(40, 'colorScheme', 'default'),
(41, 'colorScheme', 'eco'),
(42, 'colorScheme', 'exp'),
(43, 'phrase', 'Click to upload'),
(44, 'phrase', 'Your CV'),
(45, 'phrase', 'File 1'),
(46, 'phrase', 'File 2'),
(47, 'phrase', 'Your Email'),
(48, 'phrase', 'Continue'),
(49, 'phrase', 'Allowed file types'),
(50, 'phrase', 'Attach your CV'),
(51, 'filesPage', 'File Upload Explanation'),
(52, 'phrase', 'Top Section Header'),
(53, 'phrase', 'Middle Section Header'),
(54, 'homePage', 'Middle Section Left'),
(55, 'homePage', 'Middle Section Right'),
(56, 'phrase', 'Contact Us'),
(57, 'phrase', 'Enter the Symbols'),
(58, 'phrase', 'Phone Number'),
(59, 'word', 'Email'),
(60, 'phrase', 'Name and Surname'),
(61, 'word', 'Message'),
(62, 'phrase', 'Send Message'),
(63, 'phrase', 'Click to Refresh'),
(64, 'phrase', 'More Info'),
(65, 'homePage', 'Middle Section'),
(66, 'homePage', 'Top Section'),
(67, 'emailTemplateContent', 'new-order-notify'),
(68, 'country', 'gr'),
(69, 'country', 'bg'),
(70, 'country', 'ch'),
(71, 'country', 'cy'),
(72, 'country', 'de'),
(73, 'country', 'ee'),
(74, 'country', 'es'),
(75, 'country', 'hr'),
(76, 'country', 'id'),
(77, 'country', 'in'),
(78, 'country', 'lt'),
(79, 'country', 'mm'),
(80, 'country', 'nl'),
(81, 'country', 'ph'),
(82, 'country', 'pl'),
(83, 'country', 'ro'),
(84, 'country', 'sg'),
(85, 'country', 'uk'),
(86, 'country', 'us'),
(88, 'region', 'as'),
(89, 'homePage', 'Bottom Section'),
(90, 'phrase', 'CV File Name'),
(91, 'word', 'CV'),
(92, 'word', 'Attachment'),
(93, 'phrase', 'Attachment {number} Name'),
(94, 'phrase', 'Reset'),
(95, 'phrase', 'Submit'),
(96, 'region', 'ru'),
(97, 'region', 'ua'),
(98, 'region', 'me'),
(99, 'country', 'ge'),
(100, 'word', 'Order'),
(101, 'word', 'User'),
(102, 'word', 'Parameter'),
(103, 'word', 'Translation'),
(104, 'word', 'Category'),
(105, 'word', 'Word'),
(106, 'Word', 'Phrase'),
(107, 'word', 'Name'),
(108, 'word', 'Value'),
(109, 'word', 'Language'),
(110, 'language', 'en'),
(111, 'language', 'ru'),
(112, 'word', 'Parametercategory'),
(113, 'Parametercategory', 'admin'),
(114, 'Parametercategory', 'adminPanel'),
(115, 'Parametercategory', 'email'),
(116, 'Parametercategory', 'interkassa'),
(117, 'Parametercategory', 'price'),
(118, 'Parametercategory', 'queue'),
(119, 'Parametercategory', 'site'),
(120, 'parameterCategory', 'user'),
(121, 'Parameter', 'email'),
(122, 'Parameter', 'login'),
(123, 'Parameter', 'password'),
(124, 'Parameter', 'rowsPerPage'),
(125, 'Parameter', 'charset'),
(126, 'Parameter', 'minimum'),
(127, 'Parameter', 'ps'),
(128, 'Parameter', 'os'),
(129, 'Parameter', 'tk'),
(130, 'Parameter', 'dc'),
(131, 'Parameter', 'sendingsPerHour'),
(132, 'Parameter', 'importantSendingsPerHour'),
(133, 'Parameter', 'contactEmailSubject'),
(134, 'Parameter', 'accountTimelife'),
(135, 'Parameter', 'host'),
(136, 'Parameter', 'port'),
(137, 'Parameter', 'user'),
(138, 'Parameter', 'shopId'),
(139, 'Parameter', 'signKey'),
(140, 'Parameter', 'smtpSecure'),
(141, 'Parameter', 'smtp'),
(142, 'Parameter', 'smtpAuth'),
(143, 'emailTemplateSubject', 'completed-order-notify'),
(144, 'emailTemplateSubject', 'new-order-notify'),
(145, 'emailTemplateType', 'emailTemplateName'),
(146, 'emailTemplateName', 'completed-order-notify'),
(147, 'emailTemplateName', 'new-order-notify'),
(148, 'phrase', 'to company list'),
(149, 'phrase', 'companies in base'),
(150, 'word', 'offices'),
(151, 'word', 'countries'),
(152, 'licensePage', 'Lisense'),
(153, 'word', 'agree'),
(154, 'phrase', 'Design and text of the letter'),
(155, 'phrase', 'confirm data'),
(156, 'phrase', 'payment services'),
(157, 'phrase', 'order details'),
(158, 'phrase', 'account details'),
(159, 'phrase', 'notification companies'),
(160, 'phrase', 'number of order'),
(161, 'phrase', 'selected companies'),
(162, 'word', 'cost'),
(163, 'word', 'paid'),
(164, 'phrase', 'go to payment'),
(165, 'phrase', 'view status'),
(166, 'phrase', 'total notification companies'),
(167, 'word', 'completed'),
(168, 'phrase', 'not completed'),
(169, 'phrase', 'unnotificated companies left'),
(170, 'phrase', 'order status'),
(171, 'word', 'payment'),
(172, 'phrase', 'payment status'),
(173, 'word', 'report'),
(174, 'phrase', 'on the implementation of services'),
(175, 'phrase', 'list of companies'),
(176, 'word', 'contact'),
(177, 'phrase', 'all rights reserved'),
(178, 'phrase', 'personal account'),
(179, 'phrase', 'the order pay is fail'),
(180, 'phrase', 'pay error'),
(181, 'phrase', 'paying is pending'),
(182, 'phrase', 'thank payment is pending'),
(183, 'phrase', 'successfully paid up'),
(184, 'phrase', 'thank you paid up'),
(185, 'phrase', 'This csv file same with your companies'),
(186, 'word', 'RU'),
(187, 'word', 'EN'),
(188, 'phrase', 'new email'),
(189, 'phrase', 'existent domain name'),
(190, 'phrase', 'click here to see all emails with domain'),
(191, 'phrase', 'will be updated'),
(192, 'word', 'Cancel'),
(193, 'word', 'WorkArea'),
(194, 'word', 'Create'),
(195, 'word', 'Save'),
(196, 'phrase', 'Email templates'),
(197, 'word', 'Type'),
(198, 'phrase', 'Manage Companies'),
(199, 'phrase', 'search guid text'),
(200, 'phrase', 'Advanced Search'),
(201, 'phrase', 'Manage Orders'),
(202, 'phrase', 'Manage Users'),
(203, 'phrase', 'Manage Parameters'),
(204, 'phrase', 'Manage Source Messages'),
(205, 'phrase', 'Manage Email Templates'),
(206, 'phrase', 'Manage Page Translation'),
(207, 'word', 'Pages'),
(208, 'word', 'Operations'),
(209, 'phrase', 'Csv import'),
(210, 'phrase', 'Csv export'),
(211, 'phrase', 'List User'),
(212, 'phrase', 'Create User'),
(213, 'phrase', 'Manage User'),
(214, 'phrase', 'Update User'),
(215, 'phrase', 'Delete User'),
(216, 'phrase', 'View User'),
(217, 'phrase', 'Manage Parameter'),
(218, 'phrase', 'Update Parameter'),
(219, 'phrase', 'Create Source Message'),
(220, 'phrase', 'Manage SourceMessage'),
(221, 'phrase', 'View SourceMessage'),
(222, 'phrase', 'Create SourceMessage'),
(223, 'phrase', 'Delete SourceMessage'),
(224, 'phrase', 'Update SourceMessage'),
(225, 'phrase', 'Create Email Template'),
(226, 'phrase', 'Create Emailtemplate'),
(227, 'phrase', 'Delete Emailtemplate'),
(228, 'phrase', 'Update Emailtemplate'),
(229, 'phrase', 'Manage Emailtemplates'),
(230, 'phrase', 'View Emailtemplate'),
(231, 'phrase', 'Create Page'),
(232, 'phrase', 'Delete Page'),
(233, 'phrase', 'Update Page'),
(234, 'phrase', 'Manage Pages'),
(235, 'phrase', 'View Page'),
(236, 'phrase', 'List Order'),
(237, 'phrase', 'Create Order'),
(238, 'phrase', 'Update Order'),
(239, 'phrase', 'Delete Order'),
(240, 'phrase', 'Manage Order'),
(241, 'phrase', 'View Order'),
(242, 'word', 'Run'),
(243, 'word', 'Executed'),
(244, 'word', 'amount'),
(245, 'phrase', 'Creation Date'),
(246, 'word', 'number'),
(247, 'phrase', 'or just click here, for instant redirect'),
(248, 'phrase', 'You will be redirected in'),
(249, 'word', 'Search'),
(250, 'phrase', 'workAreaSearch'),
(251, 'word', 'identificator'),
(252, 'word', 'Currency'),
(253, 'phrase', 'CreatonDate'),
(255, 'word', 'status'),
(256, 'word', 'unpaid'),
(257, 'word', 'paid'),
(258, 'phrase', 'License Agreements'),
(259, 'phrase', 'Congratulations'),
(260, 'phrase', 'Finished'),
(261, 'phrase', 'If you have business inquiries or other questions, please fill out the following form to contact us. Thank you.'),
(262, 'emailTemplateType', 'emailTemplateSubject'),
(263, 'emailTemplateType', 'emailTemplateContent'),
(264, 'page', 'pagePart'),
(265, 'page', 'licensePage'),
(266, 'page', 'homePage'),
(267, 'page', 'filesPage');

-- --------------------------------------------------------

--
-- Table structure for table `userEmailContents`
--

DROP TABLE IF EXISTS `userEmailContents`;
CREATE TABLE IF NOT EXISTS `userEmailContents` (
  `id` int(11) NOT NULL AUTO_INCREMENT,
  `user` int(11) NOT NULL,
  `subject` varchar(255) NOT NULL,
  `body` text NOT NULL,
  `colorScheme` varchar(45) DEFAULT NULL,
  PRIMARY KEY (`id`),
  KEY `FKUserEmailContentsUserIndex` (`user`)
) ENGINE=InnoDB  DEFAULT CHARSET=utf8 AUTO_INCREMENT=108 ;

--
-- Dumping data for table `userEmailContents`
--

INSERT INTO `userEmailContents` (`id`, `user`, `subject`, `body`, `colorScheme`) VALUES
(32, 29, 'Subject', '\r\n				Добрый день!\r\nЯ моряк, прослужил на флоте более 20 лет.\r\nХочу работать именно в вашей компании, т.к. вы можете предложить мне лучшие условия работы и оплату труда.\r\n\r\nС уважением,\r\nморяк.\r\n			', 'mz'),
(33, 30, 'try', '\r\n				Добрый день!\r\nЯ моряк, прослужил на флоте более 20 лет.\r\nХочу работать именно в вашей компании, т.к. вы можете предложить мне лучшие условия работы и оплату труда.\r\n\r\nС уважением,\r\nморяк.\r\n			', 'mz'),
(34, 31, 'Subject', '\r\n				Добрый день!\r\nЯ моряк, прослужил на флот', 'mz'),
(35, 32, 'Subject', '\r\n				Добрый день!\r\nЯ моряк, прослужил на флоте более 20 лет.\r\nХочу работать именно в вашей компании, т.к. вы можете предложить мне лучшие условия работы и оплату труда.\r\n\r\nС уважением,\r\nморяк.\r\n			', 'mz'),
(36, 33, 'Sedan', '<p>\r\n				Добрый день!\r\nЯ хочу отправить вам своё резюме!\r\n\r\nС уважением,\r\nморякssdddd</p>', 'exp'),
(37, 34, 'Sedanert', '\r\n				Добрый день!\r\nЯ моряк, прослужил на флоте более 20 лет.\r\nХочу работать именно в вашей компании, т.к. вы можете предложить мне лучшие условия работы и оплату труда.\r\n\r\nС уважением,\r\nморяк.\r\n			', 'exp'),
(38, 35, 'asasasa', '\r\n				Добрый день!\r\nЯ моряк, прослужил на флоте более 20 лет.\r\nХочу работать именно в вашей компании, т.к. вы можете предложить мне лучшие условия работы и оплату труда.\r\n\r\nС уважением,\r\nморяк.\r\n			', 'mz'),
(39, 36, 'Sedanert', '\r\n				Добрый день!\r\nЯ моряк, прослужил на флоте более 20 лет.\r\nХочу работать именно в вашей компании, т.к. вы можете предложить мне лучшие условия работы и оплату труда.\r\n\r\nС уважением,\r\nморяк.\r\n			', ''),
(40, 37, 'try', '\r\n				Добрый день!\r\nЯ моряк, прослужил на флоте более 20 лет.\r\nХочу работать именно в вашей компании, т.к. вы можете предложить мне лучшие условия работы и оплату труда.\r\n\r\nС уважением,\r\nморяк.\r\n			', ''),
(41, 38, 'Sedanert', '\r\n				Добрый день!\r\nЯ моряк, прослужил на флоте более 20 лет.\r\nХочу работать именно в вашей компании, т.к. вы можете предложить мне лучшие условия работы и оплату труда.\r\n\r\nС уважением,\r\nморяк.\r\n			', 'mz'),
(42, 39, 'Sedan', '\r\n				Добрый день!\r\nЯ моряк, прослужил на флоте более 20 лет.\r\nХочу работать именно в вашей компании, т.к. вы можете предложить мне лучшие условия работы и оплату труда.\r\n\r\nС уважением,\r\nморяк.\r\n			', 'mz'),
(43, 40, 'Sedan', '\r\n				Добрый день!\r\nЯ моряк, прослужил на флоте более 20 лет.\r\nХочу работать именно в вашей компании, т.к. вы можете предложить мне лучшие условия работы и оплату труда.\r\n\r\nС уважением,\r\nморяк.\r\n			', 'mz'),
(44, 41, 'Subject', '\r\n				Добрый день!\r\nЯ моряк, прослужил на флоте более 20 лет.\r\nХочу работать именно в вашей компании, т.к. вы можете предложить мне лучшие условия работы и оплату труда.\r\n\r\nС уважением,\r\nморяк.\r\n			', 'mz'),
(45, 42, 'try', '\r\n				Добрый день!\r\nЯ моряк, прослужил на флоте более 20 лет.\r\nХочу работать именно в вашей компании, т.к. вы можете предложить мне лучшие условия работы и оплату труда.\r\n\r\nС уважением,\r\nморяк.\r\n			', 'mz'),
(46, 43, 'try', '<p>\r\n				Добрый день!\r\nЯ моряк, прослужил на флоте более 20 лет.\r\nХочу работать именно в вашей компании, т.к. вы можете предложить мне лучшие условия работы и оплату труда.\r\n\r\nС уважением,\r\nморяк.\r\n			</p>', 'mz'),
(47, 44, 'Sedanert', '\r\n				Добрый день!\r\nЯ моряк, прослужил на флоте более 20 лет.\r\nХочу работать именно в вашей компании, т.к. вы можете предложить мне лучшие условия работы и оплату труда.\r\n\r\nС уважением,\r\nморяк.\r\n			', 'exp'),
(48, 45, 'sdf', '<p>&nbsp; &nbsp; &nbsp; &nbsp; &nbsp;d</p>', ''),
(49, 46, 'fgh', '<p>dfhf</p>', ''),
(50, 47, 'fgh', '<p><strong>Риск</strong>&nbsp;&mdash; сочетание&nbsp;<a title="Вероятность" href="https://ru.wikipedia.org/wiki/%D0%92%D0%B5%D1%80%D0%BE%D1%8F%D1%82%D0%BD%D0%BE%D1%81%D1%82%D1%8C">вероятности</a>&nbsp;и последствий наступления неблагоприятных событий. Знание вероятности неблагоприятного события позволяет определить вероятность благоприятных событий по формуле&nbsp;<img class="mwe-math-fallback-png-inline tex" src="https://upload.wikimedia.org/math/d/e/8/de834eac4081059d3d8cf7d1aa6d8f39.png" alt="P_{+}=1-P_{-}" />. Также риском часто называют непосредственно предполагаемое событие, способное принести кому-либо&nbsp;<a title="Ущерб" href="https://ru.wikipedia.org/wiki/%D0%A3%D1%89%D0%B5%D1%80%D0%B1">ущерб</a>&nbsp;или&nbsp;<a title="Убыток" href="https://ru.wikipedia.org/wiki/%D0%A3%D0%B1%D1%8B%D1%82%D0%BE%D0%BA">убыток</a>r</p>', ''),
(51, 48, 'Стандартный текст', '<p><strong>Риск</strong>&nbsp;&mdash; сочетание&nbsp;<a title="Вероятность" href="https://ru.wikipedia.org/wiki/%D0%92%D0%B5%D1%80%D0%BE%D1%8F%D1%82%D0%BD%D0%BE%D1%81%D1%82%D1%8C">вероятности</a>&nbsp;и последствий наступления неблагоприятных событий. Знание вероятности неблагоприятного события позволяет определить вероятность благоприятных событий по формуле&nbsp;<img class="mwe-math-fallback-png-inline tex" src="https://upload.wikimedia.org/math/d/e/8/de834eac4081059d3d8cf7d1aa6d8f39.png" alt="P_{+}=1-P_{-}" />. Также риском часто называют непосредственно предполагаемое событие, способное принести кому-либо&nbsp;<a title="Ущерб" href="https://ru.wikipedia.org/wiki/%D0%A3%D1%89%D0%B5%D1%80%D0%B1">ущерб</a>&nbsp;или&nbsp;<a title="Убыток" href="https://ru.wikipedia.org/wiki/%D0%A3%D0%B1%D1%8B%D1%82%D0%BE%D0%BA">убыток</a>r</p>', 'default'),
(52, 49, 'Стандартный текст', '<p><strong>Риск</strong>&nbsp;&mdash; сочетание&nbsp;<a title="Вероятность" href="https://ru.wikipedia.org/wiki/%D0%92%D0%B5%D1%80%D0%BE%D1%8F%D1%82%D0%BD%D0%BE%D1%81%D1%82%D1%8C">вероятности</a>&nbsp;и последствий наступления неблагоприятных событий. Знание вероятности неблагоприятного события позволяет определить вероятность благоприятных событий по формуле&nbsp;<img class="mwe-math-fallback-png-inline tex" src="https://upload.wikimedia.org/math/d/e/8/de834eac4081059d3d8cf7d1aa6d8f39.png" alt="P_{+}=1-P_{-}" />. Также риском часто называют непосредственно предполагаемое событие, способное принести кому-либо&nbsp;<a title="Ущерб" href="https://ru.wikipedia.org/wiki/%D0%A3%D1%89%D0%B5%D1%80%D0%B1">ущерб</a>&nbsp;или&nbsp;<a title="Убыток" href="https://ru.wikipedia.org/wiki/%D0%A3%D0%B1%D1%8B%D1%82%D0%BE%D0%BA">убыток</a>r</p>', 'default'),
(53, 50, 'Стандартный текст', '<p><strong>Риск</strong>&nbsp;&mdash; сочетание&nbsp;<a title="Вероятность" href="https://ru.wikipedia.org/wiki/%D0%92%D0%B5%D1%80%D0%BE%D1%8F%D1%82%D0%BD%D0%BE%D1%81%D1%82%D1%8C">вероятности</a>&nbsp;и последствий наступления неблагоприятных событий. Знание вероятности неблагоприятного события позволяет определить вероятность благоприятных событий по формуле&nbsp;<img class="mwe-math-fallback-png-inline tex" src="https://upload.wikimedia.org/math/d/e/8/de834eac4081059d3d8cf7d1aa6d8f39.png" alt="P_{+}=1-P_{-}" />. Также риском часто называют непосредственно предполагаемое событие, способное принести кому-либо&nbsp;<a title="Ущерб" href="https://ru.wikipedia.org/wiki/%D0%A3%D1%89%D0%B5%D1%80%D0%B1">ущерб</a>&nbsp;или&nbsp;<a title="Убыток" href="https://ru.wikipedia.org/wiki/%D0%A3%D0%B1%D1%8B%D1%82%D0%BE%D0%BA">убыток</a>r</p>', 'default'),
(54, 51, 'Для опытных моряков', 'Добрый день! Я моряк, прослужил на флоте более 20 лет. Хочу работать именно в вашей компании, т.к. вы можете предложить мне лучшие условия работы и оплату труда. С уважением, моряк.', 'cs-mz'),
(55, 52, 'Стандартный текст', '<p><strong>Риск</strong>&nbsp;&mdash; сочетание&nbsp;<a title="Вероятность" href="https://ru.wikipedia.org/wiki/%D0%92%D0%B5%D1%80%D0%BE%D1%8F%D1%82%D0%BD%D0%BE%D1%81%D1%82%D1%8C">вероятности</a>&nbsp;и последствий наступления неблагоприятных событий. Знание вероятности неблагоприятного события позволяет определить вероятность благоприятных событий по формуле&nbsp;<img class="mwe-math-fallback-png-inline tex" src="https://upload.wikimedia.org/math/d/e/8/de834eac4081059d3d8cf7d1aa6d8f39.png" alt="P_{+}=1-P_{-}" />. Также риском часто называют непосредственно предполагаемое событие, способное принести кому-либо&nbsp;<a title="Ущерб" href="https://ru.wikipedia.org/wiki/%D0%A3%D1%89%D0%B5%D1%80%D0%B1">ущерб</a>&nbsp;или&nbsp;<a title="Убыток" href="https://ru.wikipedia.org/wiki/%D0%A3%D0%B1%D1%8B%D1%82%D0%BE%D0%BA">убыток</a>r</p>', ''),
(56, 53, 'Стандартный текст', '<p><strong>Риск</strong>&nbsp;&mdash; сочетание&nbsp;<a title="Вероятность" href="https://ru.wikipedia.org/wiki/%D0%92%D0%B5%D1%80%D0%BE%D1%8F%D1%82%D0%BD%D0%BE%D1%81%D1%82%D1%8C">вероятности</a>&nbsp;и последствий наступления неблагоприятных событий. Знание вероятности неблагоприятного события позволяет определить вероятность благоприятных событий по формуле&nbsp;<img class="mwe-math-fallback-png-inline tex" src="https://upload.wikimedia.org/math/d/e/8/de834eac4081059d3d8cf7d1aa6d8f39.png" alt="P_{+}=1-P_{-}" />. Также риском часто называют непосредственно предполагаемое событие, способное принести кому-либо&nbsp;<a title="Ущерб" href="https://ru.wikipedia.org/wiki/%D0%A3%D1%89%D0%B5%D1%80%D0%B1">ущерб</a>&nbsp;или&nbsp;<a title="Убыток" href="https://ru.wikipedia.org/wiki/%D0%A3%D0%B1%D1%8B%D1%82%D0%BE%D0%BA">убыток</a>r</p>', ''),
(57, 54, 'Стандартный текст', '<p><strong>Риск</strong>&nbsp;&mdash; сочетание&nbsp;<a title="Вероятность" href="https://ru.wikipedia.org/wiki/%D0%92%D0%B5%D1%80%D0%BE%D1%8F%D1%82%D0%BD%D0%BE%D1%81%D1%82%D1%8C">вероятности</a>&nbsp;и последствий наступления неблагоприятных событий. Знание вероятности неблагоприятного события позволяет определить вероятность благоприятных событий по формуле&nbsp;<img class="mwe-math-fallback-png-inline tex" src="https://upload.wikimedia.org/math/d/e/8/de834eac4081059d3d8cf7d1aa6d8f39.png" alt="P_{+}=1-P_{-}" />. Также риском часто называют непосредственно предполагаемое событие, способное принести кому-либо&nbsp;<a title="Ущерб" href="https://ru.wikipedia.org/wiki/%D0%A3%D1%89%D0%B5%D1%80%D0%B1">ущерб</a>&nbsp;или&nbsp;<a title="Убыток" href="https://ru.wikipedia.org/wiki/%D0%A3%D0%B1%D1%8B%D1%82%D0%BE%D0%BA">убыток</a>r</p>', ''),
(58, 55, 'Стандартный текст', '<p><strong>Риск</strong>&nbsp;&mdash; сочетание&nbsp;<a title="Вероятность" href="https://ru.wikipedia.org/wiki/%D0%92%D0%B5%D1%80%D0%BE%D1%8F%D1%82%D0%BD%D0%BE%D1%81%D1%82%D1%8C">вероятности</a>&nbsp;и последствий наступления неблагоприятных событий. Знание вероятности неблагоприятного события позволяет определить вероятность благоприятных событий по формуле&nbsp;<img class="mwe-math-fallback-png-inline tex" src="https://upload.wikimedia.org/math/d/e/8/de834eac4081059d3d8cf7d1aa6d8f39.png" alt="P_{+}=1-P_{-}" />. Также риском часто называют непосредственно предполагаемое событие, способное принести кому-либо&nbsp;<a title="Ущерб" href="https://ru.wikipedia.org/wiki/%D0%A3%D1%89%D0%B5%D1%80%D0%B1">ущерб</a>&nbsp;или&nbsp;<a title="Убыток" href="https://ru.wikipedia.org/wiki/%D0%A3%D0%B1%D1%8B%D1%82%D0%BE%D0%BA">убыток</a>r</p>', ''),
(59, 56, 'Стандартный текст', '<p><strong>Риск</strong>&nbsp;&mdash; сочетание&nbsp;<a title="Вероятность" href="https://ru.wikipedia.org/wiki/%D0%92%D0%B5%D1%80%D0%BE%D1%8F%D1%82%D0%BD%D0%BE%D1%81%D1%82%D1%8C">вероятности</a>&nbsp;и последствий наступления неблагоприятных событий. Знание вероятности неблагоприятного события позволяет определить вероятность благоприятных событий по формуле&nbsp;<img class="mwe-math-fallback-png-inline tex" src="https://upload.wikimedia.org/math/d/e/8/de834eac4081059d3d8cf7d1aa6d8f39.png" alt="P_{+}=1-P_{-}" />. Также риском часто называют непосредственно предполагаемое событие, способное принести кому-либо&nbsp;<a title="Ущерб" href="https://ru.wikipedia.org/wiki/%D0%A3%D1%89%D0%B5%D1%80%D0%B1">ущерб</a>&nbsp;или&nbsp;<a title="Убыток" href="https://ru.wikipedia.org/wiki/%D0%A3%D0%B1%D1%8B%D1%82%D0%BE%D0%BA">убыток</a>r</p>', ''),
(60, 57, 'Стандартный текст', '<p><strong>Риск</strong>&nbsp;&mdash; сочетание&nbsp;<a title="Вероятность" href="https://ru.wikipedia.org/wiki/%D0%92%D0%B5%D1%80%D0%BE%D1%8F%D1%82%D0%BD%D0%BE%D1%81%D1%82%D1%8C">вероятности</a>&nbsp;и последствий наступления неблагоприятных событий. Знание вероятности неблагоприятного события позволяет определить вероятность благоприятных событий по формуле&nbsp;<img class="mwe-math-fallback-png-inline tex" src="https://upload.wikimedia.org/math/d/e/8/de834eac4081059d3d8cf7d1aa6d8f39.png" alt="P_{+}=1-P_{-}" />. Также риском часто называют непосредственно предполагаемое событие, способное принести кому-либо&nbsp;<a title="Ущерб" href="https://ru.wikipedia.org/wiki/%D0%A3%D1%89%D0%B5%D1%80%D0%B1">ущерб</a>&nbsp;или&nbsp;<a title="Убыток" href="https://ru.wikipedia.org/wiki/%D0%A3%D0%B1%D1%8B%D1%82%D0%BE%D0%BA">убыток</a>r</p>', ''),
(61, 58, 'Стандартный текст', '<p><strong>Риск</strong>&nbsp;&mdash; сочетание&nbsp;<a title="Вероятность" href="https://ru.wikipedia.org/wiki/%D0%92%D0%B5%D1%80%D0%BE%D1%8F%D1%82%D0%BD%D0%BE%D1%81%D1%82%D1%8C">вероятности</a>&nbsp;и последствий наступления неблагоприятных событий. Знание вероятности неблагоприятного события позволяет определить вероятность благоприятных событий по формуле&nbsp;<img class="mwe-math-fallback-png-inline tex" src="https://upload.wikimedia.org/math/d/e/8/de834eac4081059d3d8cf7d1aa6d8f39.png" alt="P_{+}=1-P_{-}" />. Также риском часто называют непосредственно предполагаемое событие, способное принести кому-либо&nbsp;<a title="Ущерб" href="https://ru.wikipedia.org/wiki/%D0%A3%D1%89%D0%B5%D1%80%D0%B1">ущерб</a>&nbsp;или&nbsp;<a title="Убыток" href="https://ru.wikipedia.org/wiki/%D0%A3%D0%B1%D1%8B%D1%82%D0%BE%D0%BA">убыток</a>r</p>', ''),
(62, 59, 'Стандартный текст', '<p><strong>Риск</strong>&nbsp;&mdash; сочетание&nbsp;<a title="Вероятность" href="https://ru.wikipedia.org/wiki/%D0%92%D0%B5%D1%80%D0%BE%D1%8F%D1%82%D0%BD%D0%BE%D1%81%D1%82%D1%8C">вероятности</a>&nbsp;и последствий наступления неблагоприятных событий. Знание вероятности неблагоприятного события позволяет определить вероятность благоприятных событий по формуле&nbsp;<img class="mwe-math-fallback-png-inline tex" src="https://upload.wikimedia.org/math/d/e/8/de834eac4081059d3d8cf7d1aa6d8f39.png" alt="P_{+}=1-P_{-}" />. Также риском часто называют непосредственно предполагаемое событие, способное принести кому-либо&nbsp;<a title="Ущерб" href="https://ru.wikipedia.org/wiki/%D0%A3%D1%89%D0%B5%D1%80%D0%B1">ущерб</a>&nbsp;или&nbsp;<a title="Убыток" href="https://ru.wikipedia.org/wiki/%D0%A3%D0%B1%D1%8B%D1%82%D0%BE%D0%BA">убыток</a>r</p>', ''),
(63, 60, 'Стандартный текст', '<p><strong>Риск</strong>&nbsp;&mdash; сочетание&nbsp;<a title="Вероятность" href="https://ru.wikipedia.org/wiki/%D0%92%D0%B5%D1%80%D0%BE%D1%8F%D1%82%D0%BD%D0%BE%D1%81%D1%82%D1%8C">вероятности</a>&nbsp;и последствий наступления неблагоприятных событий. Знание вероятности неблагоприятного события позволяет определить вероятность благоприятных событий по формуле&nbsp;<img class="mwe-math-fallback-png-inline tex" src="https://upload.wikimedia.org/math/d/e/8/de834eac4081059d3d8cf7d1aa6d8f39.png" alt="P_{+}=1-P_{-}" />. Также риском часто называют непосредственно предполагаемое событие, способное принести кому-либо&nbsp;<a title="Ущерб" href="https://ru.wikipedia.org/wiki/%D0%A3%D1%89%D0%B5%D1%80%D0%B1">ущерб</a>&nbsp;или&nbsp;<a title="Убыток" href="https://ru.wikipedia.org/wiki/%D0%A3%D0%B1%D1%8B%D1%82%D0%BE%D0%BA">убыток</a>r</p>', ''),
(64, 61, 'Стандартный текст', '<p><strong>Риск</strong>&nbsp;&mdash; сочетание&nbsp;<a title="Вероятность" href="https://ru.wikipedia.org/wiki/%D0%92%D0%B5%D1%80%D0%BE%D1%8F%D1%82%D0%BD%D0%BE%D1%81%D1%82%D1%8C">вероятности</a>&nbsp;и последствий наступления неблагоприятных событий. Знание вероятности неблагоприятного события позволяет определить вероятность благоприятных событий по формуле&nbsp;<img class="mwe-math-fallback-png-inline tex" src="https://upload.wikimedia.org/math/d/e/8/de834eac4081059d3d8cf7d1aa6d8f39.png" alt="P_{+}=1-P_{-}" />. Также риском часто называют непосредственно предполагаемое событие, способное принести кому-либо&nbsp;<a title="Ущерб" href="https://ru.wikipedia.org/wiki/%D0%A3%D1%89%D0%B5%D1%80%D0%B1">ущерб</a>&nbsp;или&nbsp;<a title="Убыток" href="https://ru.wikipedia.org/wiki/%D0%A3%D0%B1%D1%8B%D1%82%D0%BE%D0%BA">убыток</a>r</p>', ''),
(65, 62, 'Стандартный текст', '<p><strong>Риск</strong>&nbsp;&mdash; сочетание&nbsp;<a title="Вероятность" href="https://ru.wikipedia.org/wiki/%D0%92%D0%B5%D1%80%D0%BE%D1%8F%D1%82%D0%BD%D0%BE%D1%81%D1%82%D1%8C">вероятности</a>&nbsp;и последствий наступления неблагоприятных событий. Знание вероятности неблагоприятного события позволяет определить вероятность благоприятных событий по формуле&nbsp;<img class="mwe-math-fallback-png-inline tex" src="https://upload.wikimedia.org/math/d/e/8/de834eac4081059d3d8cf7d1aa6d8f39.png" alt="P_{+}=1-P_{-}" />. Также риском часто называют непосредственно предполагаемое событие, способное принести кому-либо&nbsp;<a title="Ущерб" href="https://ru.wikipedia.org/wiki/%D0%A3%D1%89%D0%B5%D1%80%D0%B1">ущерб</a>&nbsp;или&nbsp;<a title="Убыток" href="https://ru.wikipedia.org/wiki/%D0%A3%D0%B1%D1%8B%D1%82%D0%BE%D0%BA">убыток</a>r</p>', ''),
(66, 63, 'Стандартный текст', '<p><strong>Риск</strong>&nbsp;&mdash; сочетание&nbsp;<a title="Вероятность" href="https://ru.wikipedia.org/wiki/%D0%92%D0%B5%D1%80%D0%BE%D1%8F%D1%82%D0%BD%D0%BE%D1%81%D1%82%D1%8C">вероятности</a>&nbsp;и последствий наступления неблагоприятных событий. Знание вероятности неблагоприятного события позволяет определить вероятность благоприятных событий по формуле&nbsp;<img class="mwe-math-fallback-png-inline tex" src="https://upload.wikimedia.org/math/d/e/8/de834eac4081059d3d8cf7d1aa6d8f39.png" alt="P_{+}=1-P_{-}" />. Также риском часто называют непосредственно предполагаемое событие, способное принести кому-либо&nbsp;<a title="Ущерб" href="https://ru.wikipedia.org/wiki/%D0%A3%D1%89%D0%B5%D1%80%D0%B1">ущерб</a>&nbsp;или&nbsp;<a title="Убыток" href="https://ru.wikipedia.org/wiki/%D0%A3%D0%B1%D1%8B%D1%82%D0%BE%D0%BA">убыток</a>r</p>', ''),
(67, 64, 'Стандартный текст', '<p><strong>Риск</strong>&nbsp;&mdash; сочетание&nbsp;<a title="Вероятность" href="https://ru.wikipedia.org/wiki/%D0%92%D0%B5%D1%80%D0%BE%D1%8F%D1%82%D0%BD%D0%BE%D1%81%D1%82%D1%8C">вероятности</a>&nbsp;и последствий наступления неблагоприятных событий. Знание вероятности неблагоприятного события позволяет определить вероятность благоприятных событий по формуле&nbsp;<img class="mwe-math-fallback-png-inline tex" src="https://upload.wikimedia.org/math/d/e/8/de834eac4081059d3d8cf7d1aa6d8f39.png" alt="P_{+}=1-P_{-}" />. Также риском часто называют непосредственно предполагаемое событие, способное принести кому-либо&nbsp;<a title="Ущерб" href="https://ru.wikipedia.org/wiki/%D0%A3%D1%89%D0%B5%D1%80%D0%B1">ущерб</a>&nbsp;или&nbsp;<a title="Убыток" href="https://ru.wikipedia.org/wiki/%D0%A3%D0%B1%D1%8B%D1%82%D0%BE%D0%BA">убыток</a>r</p>', ''),
(68, 65, 'Стандартный текст', '<p><strong>Риск</strong>&nbsp;&mdash; сочетание&nbsp;<a title="Вероятность" href="https://ru.wikipedia.org/wiki/%D0%92%D0%B5%D1%80%D0%BE%D1%8F%D1%82%D0%BD%D0%BE%D1%81%D1%82%D1%8C">вероятности</a>&nbsp;и последствий наступления неблагоприятных событий. Знание вероятности неблагоприятного события позволяет определить вероятность благоприятных событий по формуле&nbsp;<img class="mwe-math-fallback-png-inline tex" src="https://upload.wikimedia.org/math/d/e/8/de834eac4081059d3d8cf7d1aa6d8f39.png" alt="P_{+}=1-P_{-}" />. Также риском часто называют непосредственно предполагаемое событие, способное принести кому-либо&nbsp;<a title="Ущерб" href="https://ru.wikipedia.org/wiki/%D0%A3%D1%89%D0%B5%D1%80%D0%B1">ущерб</a>&nbsp;или&nbsp;<a title="Убыток" href="https://ru.wikipedia.org/wiki/%D0%A3%D0%B1%D1%8B%D1%82%D0%BE%D0%BA">убыток</a>r</p>', ''),
(69, 66, 'Стандартный текст', '<p><strong>Риск</strong>&nbsp;&mdash; сочетание&nbsp;<a title="Вероятность" href="https://ru.wikipedia.org/wiki/%D0%92%D0%B5%D1%80%D0%BE%D1%8F%D1%82%D0%BD%D0%BE%D1%81%D1%82%D1%8C">вероятности</a>&nbsp;и последствий наступления неблагоприятных событий. Знание вероятности неблагоприятного события позволяет определить вероятность благоприятных событий по формуле&nbsp;<img class="mwe-math-fallback-png-inline tex" src="https://upload.wikimedia.org/math/d/e/8/de834eac4081059d3d8cf7d1aa6d8f39.png" alt="P_{+}=1-P_{-}" />. Также риском часто называют непосредственно предполагаемое событие, способное принести кому-либо&nbsp;<a title="Ущерб" href="https://ru.wikipedia.org/wiki/%D0%A3%D1%89%D0%B5%D1%80%D0%B1">ущерб</a>&nbsp;или&nbsp;<a title="Убыток" href="https://ru.wikipedia.org/wiki/%D0%A3%D0%B1%D1%8B%D1%82%D0%BE%D0%BA">убыток</a>r</p>', ''),
(70, 67, 'Для опытных моряков', 'Добрый день! Я моряк, прослужил на флоте более 20 лет. Хочу работать именно в вашей компании, т.к. вы можете предложить мне лучшие условия работы и оплату труда. С уважением, моряк.', 'cs-eco'),
(71, 68, 'Стандартный текст', '<p><strong>Риск</strong>&nbsp;&mdash; сочетание&nbsp;<a title="Вероятность" href="https://ru.wikipedia.org/wiki/%D0%92%D0%B5%D1%80%D0%BE%D1%8F%D1%82%D0%BD%D0%BE%D1%81%D1%82%D1%8C">вероятности</a>&nbsp;и последствий наступления неблагоприятных событий. Знание вероятности неблагоприятного события позволяет определить вероятность благоприятных событий по формуле&nbsp;<img class="mwe-math-fallback-png-inline tex" src="https://upload.wikimedia.org/math/d/e/8/de834eac4081059d3d8cf7d1aa6d8f39.png" alt="P_{+}=1-P_{-}" />. Также риском часто называют непосредственно предполагаемое событие, способное принести кому-либо&nbsp;<a title="Ущерб" href="https://ru.wikipedia.org/wiki/%D0%A3%D1%89%D0%B5%D1%80%D0%B1">ущерб</a>&nbsp;или&nbsp;<a title="Убыток" href="https://ru.wikipedia.org/wiki/%D0%A3%D0%B1%D1%8B%D1%82%D0%BE%D0%BA">убыток</a>r</p>', 'exp'),
(72, 69, 'Default Text', '<h1>HEADER 1</h1>\r\n<h2>HEADER&nbsp;<em>2</em></h2>\r\n<h3 style="text-align: right;"><em>Header 3</em></h3>\r\n<h4 style="text-align: center;"><em>Header 4</em></h4>\r\n<h5 style="text-align: right;"><em>Header 5</em></h5>\r\n<h6>Header 65</h6>\r\n<p>Donec q''uis pe'' &lt;div id= llentesque m<a href="ddd">i, ac consequat nibh. Ut lacinia est ac augue tincidunt ultricies. Proin ac erat ac diam dapibus gra</a>vida. Proin sodales tellus vitae nisi volutpat fermentum. Phasellus facilisis quam vel faucibus placerat. Proin egestas nibh lectus,&nbsp;aliquam dapibus dolor&nbsp;ultricies vitae. Cras nec varius lectus.</p>\r\n<p>Suspendisse malesuada ut purus vel feugiat. Aenean faucibus nulla nec ligula tempus, eget varius nulla dapibus. Nam ultrices sem elit, ac iaculis nulla adipiscing eget. Vestibulum non nibh congue, elementum turpis et, feugiat massa. Fusce magna lectus, eleifend ac ante sit amet, feugiat euismod felis. Ut sit amet eros quis quam placerat porta. Morbi a nisi arcu.</p>\r\n<p><a href="http://aaa.aa">aaa@aa.aa</a>&lt;div id="&nbsp;</p>\r\n<p>&nbsp;</p>\r\n<h1>HEADER 1</h1>\r\n<h2>HEADER&nbsp;<em>2</em></h2>\r\n<h3 style="text-align: right;"><em>Header 3</em></h3>\r\n<h4 style="text-align: center;"><em>Header 4</em></h4>\r\n<h5 style="text-align: right;"><em>Header 5</em></h5>\r\n<h6>Header 65</h6>\r\n<p>Donec q''uis pe'' &lt;div id= llentesque m<a href="ddd">i, ac consequat nibh. Ut lacinia est ac augue tincidunt ultricies. Proin ac erat ac diam dapibus gra</a>vida. Proin sodales tellus vitae nisi volutpat fermentum. Phasellus facilisis quam vel faucibus placerat. Proin egestas nibh lectus,&nbsp;aliquam dapibus dolor&nbsp;ultricies vitae. Cras nec varius lectus.</p>\r\n<p>Suspendisse malesuada ut purus vel feugiat. Aenean faucibus nulla nec ligula tempus, eget varius nulla dapibus. Nam ultrices sem elit, ac iaculis nulla adipiscing eget. Vestibulum non nibh congue, elementum turpis et, feugiat massa. Fusce magna lectus, eleifend ac ante sit amet, feugiat euismod felis. Ut sit amet eros quis quam placerat porta. Morbi a nisi arcu.</p>\r\n<p><a href="http://aaa.aa">aaa@aa.aa</a>&lt;div id="&nbsp;</p>', 'cs-eco'),
(73, 70, 'Стандартный текст', '<p><strong>Риск</strong>&nbsp;&mdash; сочетание&nbsp;<a title="Вероятность" href="https://ru.wikipedia.org/wiki/%D0%92%D0%B5%D1%80%D0%BE%D1%8F%D1%82%D0%BD%D0%BE%D1%81%D1%82%D1%8C">вероятности</a>&nbsp;и последствий наступления неблагоприятных событий. Знание вероятности неблагоприятного события позволяет определить вероятность благоприятных событий по формуле&nbsp;<img class="mwe-math-fallback-png-inline tex" src="https://upload.wikimedia.org/math/d/e/8/de834eac4081059d3d8cf7d1aa6d8f39.png" alt="P_{+}=1-P_{-}" />. Также риском часто называют непосредственно предполагаемое событие, способное принести кому-либо&nbsp;<a title="Ущерб" href="https://ru.wikipedia.org/wiki/%D0%A3%D1%89%D0%B5%D1%80%D0%B1">ущерб</a>&nbsp;или&nbsp;<a title="Убыток" href="https://ru.wikipedia.org/wiki/%D0%A3%D0%B1%D1%8B%D1%82%D0%BE%D0%BA">убыток</a>r</p>', ''),
(74, 72, 'Стандартный текст', '<p><strong>Риск</strong>&nbsp;&mdash; сочетание&nbsp;<a title="Вероятность" href="https://ru.wikipedia.org/wiki/%D0%92%D0%B5%D1%80%D0%BE%D1%8F%D1%82%D0%BD%D0%BE%D1%81%D1%82%D1%8C">вероятности</a>&nbsp;и последствий наступления неблагоприятных событий. Знание вероятности неблагоприятного события позволяет определить вероятность благоприятных событий по формуле&nbsp;<img class="mwe-math-fallback-png-inline tex" src="https://upload.wikimedia.org/math/d/e/8/de834eac4081059d3d8cf7d1aa6d8f39.png" alt="P_{+}=1-P_{-}" />. Также риском часто называют непосредственно предполагаемое событие, способное принести кому-либо&nbsp;<a title="Ущерб" href="https://ru.wikipedia.org/wiki/%D0%A3%D1%89%D0%B5%D1%80%D0%B1">ущерб</a>&nbsp;или&nbsp;<a title="Убыток" href="https://ru.wikipedia.org/wiki/%D0%A3%D0%B1%D1%8B%D1%82%D0%BE%D0%BA">убыток</a>r</p>', ''),
(75, 73, 'Для опытных моряков Мой', '<p>Мой текст. Добрый день! Я моряк, прослужил на флоте более 20 лет. Хочу работать именно в вашей компании, т.к. вы можете предложить мне лучшие условия работы и оплату труда. С уважением, моряк.</p>', 'cs-eco'),
(76, 74, 'Стандартный текст Деф', '<p><strong>ДЕф Риск</strong>&nbsp;&mdash; сочетание&nbsp;<a title="Вероятность" href="https://ru.wikipedia.org/wiki/%D0%92%D0%B5%D1%80%D0%BE%D1%8F%D1%82%D0%BD%D0%BE%D1%81%D1%82%D1%8C">вероятности</a>&nbsp;и последствий наступления неблагоприятных событий. Знание вероятности неблагоприятного события позволяет определить вероятность благоприятных событий по формуле&nbsp;<img class="mwe-math-fallback-png-inline tex" src="https://upload.wikimedia.org/math/d/e/8/de834eac4081059d3d8cf7d1aa6d8f39.png" alt="P_{+}=1-P_{-}" />. Также риском часто называют непосредственно предполагаемое событие, способное принести кому-либо&nbsp;<a title="Ущерб" href="https://ru.wikipedia.org/wiki/%D0%A3%D1%89%D0%B5%D1%80%D0%B1">ущерб</a>&nbsp;или&nbsp;<a title="Убыток" href="https://ru.wikipedia.org/wiki/%D0%A3%D0%B1%D1%8B%D1%82%D0%BE%D0%BA">убыток</a>r</p>', 'default'),
(77, 75, 'Стандартный текст', '<p><strong>Риск</strong>&nbsp;&mdash; сочетание&nbsp;<a title="Вероятность" href="https://ru.wikipedia.org/wiki/%D0%92%D0%B5%D1%80%D0%BE%D1%8F%D1%82%D0%BD%D0%BE%D1%81%D1%82%D1%8C">вероятности</a>&nbsp;и последствий наступления неблагоприятных событий. Знание вероятности неблагоприятного события позволяет определить вероятность благоприятных событий по формуле&nbsp;<img class="mwe-math-fallback-png-inline tex" src="https://upload.wikimedia.org/math/d/e/8/de834eac4081059d3d8cf7d1aa6d8f39.png" alt="P_{+}=1-P_{-}" />. Также риском часто называют непосредственно предполагаемое событие, способное принести кому-либо&nbsp;<a title="Ущерб" href="https://ru.wikipedia.org/wiki/%D0%A3%D1%89%D0%B5%D1%80%D0%B1">ущерб</a>&nbsp;или&nbsp;<a title="Убыток" href="https://ru.wikipedia.org/wiki/%D0%A3%D0%B1%D1%8B%D1%82%D0%BE%D0%BA">убыток</a>r</p>', 'default'),
(78, 76, 'Стандартный текст', '<p><strong>Риск</strong>&nbsp;&mdash; сочетание&nbsp;<a title="Вероятность" href="https://ru.wikipedia.org/wiki/%D0%92%D0%B5%D1%80%D0%BE%D1%8F%D1%82%D0%BD%D0%BE%D1%81%D1%82%D1%8C">вероятности</a>&nbsp;и последствий наступления неблагоприятных событий. Знание вероятности неблагоприятного события позволяет определить вероятность благоприятных событий по формуле&nbsp;<img class="mwe-math-fallback-png-inline tex" src="https://upload.wikimedia.org/math/d/e/8/de834eac4081059d3d8cf7d1aa6d8f39.png" alt="P_{+}=1-P_{-}" />. Также риском часто называют непосредственно предполагаемое событие, способное принести кому-либо&nbsp;<a title="Ущерб" href="https://ru.wikipedia.org/wiki/%D0%A3%D1%89%D0%B5%D1%80%D0%B1">ущерб</a>&nbsp;или&nbsp;<a title="Убыток" href="https://ru.wikipedia.org/wiki/%D0%A3%D0%B1%D1%8B%D1%82%D0%BE%D0%BA">убыток</a>r</p>', 'exp'),
(79, 77, 'Стандартный текст', '<p><strong>Риск</strong>&nbsp;&mdash; сочетание&nbsp;<a title="Вероятность" href="https://ru.wikipedia.org/wiki/%D0%92%D0%B5%D1%80%D0%BE%D1%8F%D1%82%D0%BD%D0%BE%D1%81%D1%82%D1%8C">вероятности</a>&nbsp;и последствий наступления неблагоприятных событий. Знание вероятности неблагоприятного события позволяет определить вероятность благоприятных событий по формуле&nbsp;<img class="mwe-math-fallback-png-inline tex" src="https://upload.wikimedia.org/math/d/e/8/de834eac4081059d3d8cf7d1aa6d8f39.png" alt="P_{+}=1-P_{-}" />. Также риском часто называют непосредственно предполагаемое событие, способное принести кому-либо&nbsp;<a title="Ущерб" href="https://ru.wikipedia.org/wiki/%D0%A3%D1%89%D0%B5%D1%80%D0%B1">ущерб</a>&nbsp;или&nbsp;<a title="Убыток" href="https://ru.wikipedia.org/wiki/%D0%A3%D0%B1%D1%8B%D1%82%D0%BE%D0%BA">убыток</a>r</p>', 'default'),
(80, 78, 'Стандартный текст', '<p><strong>Риск</strong>&nbsp;&mdash; сочетание&nbsp;<a title="Вероятность" href="https://ru.wikipedia.org/wiki/%D0%92%D0%B5%D1%80%D0%BE%D1%8F%D1%82%D0%BD%D0%BE%D1%81%D1%82%D1%8C">вероятности</a>&nbsp;и последствий наступления неблагоприятных событий. Знание вероятности неблагоприятного события позволяет определить вероятность благоприятных событий по формуле&nbsp;<img class="mwe-math-fallback-png-inline tex" src="https://upload.wikimedia.org/math/d/e/8/de834eac4081059d3d8cf7d1aa6d8f39.png" alt="P_{+}=1-P_{-}" />. Также риском часто называют непосредственно предполагаемое событие, способное принести кому-либо&nbsp;<a title="Ущерб" href="https://ru.wikipedia.org/wiki/%D0%A3%D1%89%D0%B5%D1%80%D0%B1">ущерб</a>&nbsp;или&nbsp;<a title="Убыток" href="https://ru.wikipedia.org/wiki/%D0%A3%D0%B1%D1%8B%D1%82%D0%BE%D0%BA">убыток</a>r</p>', 'default'),
(81, 79, 'Стандартный текст', '<p><strong>Риск</strong>&nbsp;&mdash; сочетание&nbsp;<a title="Вероятность" href="https://ru.wikipedia.org/wiki/%D0%92%D0%B5%D1%80%D0%BE%D1%8F%D1%82%D0%BD%D0%BE%D1%81%D1%82%D1%8C">вероятности</a>&nbsp;и последствий наступления неблагоприятных событий. Знание вероятности неблагоприятного события позволяет определить вероятность благоприятных событий по формуле&nbsp;<img class="mwe-math-fallback-png-inline tex" src="https://upload.wikimedia.org/math/d/e/8/de834eac4081059d3d8cf7d1aa6d8f39.png" alt="P_{+}=1-P_{-}" />. Также риском часто называют непосредственно предполагаемое событие, способное принести кому-либо&nbsp;<a title="Ущерб" href="https://ru.wikipedia.org/wiki/%D0%A3%D1%89%D0%B5%D1%80%D0%B1">ущерб</a>&nbsp;или&nbsp;<a title="Убыток" href="https://ru.wikipedia.org/wiki/%D0%A3%D0%B1%D1%8B%D1%82%D0%BE%D0%BA">убыток</a>r</p>', 'default'),
(83, 81, 'Стандартный текст1', '<p><strong>Риск</strong>&nbsp;&mdash; сочетание&nbsp;<a title="Вероятность" href="https://ru.wikipedia.org/wiki/%D0%92%D0%B5%D1%80%D0%BE%D1%8F%D1%82%D0%BD%D0%BE%D1%81%D1%82%D1%8C">вероятности</a>&nbsp;и последствий наступления неблагоприятных событий. Знание вероятности неблагоприятного события позволяет определить вероятность благоприятных событий по формуле&nbsp;<img class="mwe-math-fallback-png-inline tex" src="https://upload.wikimedia.org/math/d/e/8/de834eac4081059d3d8cf7d1aa6d8f39.png" alt="P_{+}=1-P_{-}" />. Также риском часто называют непосредственно предполагаемое событие, способное принести кому-либо&nbsp;<a title="Ущерб" href="https://ru.wikipedia.org/wiki/%D0%A3%D1%89%D0%B5%D1%80%D0%B1">ущерб</a>&nbsp;или&nbsp;<a title="Убыток" href="https://ru.wikipedia.org/wiki/%D0%A3%D0%B1%D1%8B%D1%82%D0%BE%D0%BA">убыток</a>r</p>', 'default'),
(84, 82, 'Стандартный текст', '<p>Добрый день! Я моряк, прослужил на флоте более 20 лет. Хочу работать именно в вашей компании, т.к. вы можете предложить мне лучшие условия работы и оплату труда. С уважением, моряк.</p>', 'eco'),
(85, 83, 'Стандартный текст', '<p><strong>Риск</strong>&nbsp;&mdash; сочетание&nbsp;<a title="Вероятность" href="https://ru.wikipedia.org/wiki/%D0%92%D0%B5%D1%80%D0%BE%D1%8F%D1%82%D0%BD%D0%BE%D1%81%D1%82%D1%8C">вероятности</a>&nbsp;и последствий наступления неблагоприятных событий. Знание вероятности неблагоприятного события позволяет определить вероятность благоприятных событий по формуле&nbsp;<img class="mwe-math-fallback-png-inline tex" src="https://upload.wikimedia.org/math/d/e/8/de834eac4081059d3d8cf7d1aa6d8f39.png" alt="P_{+}=1-P_{-}" />. Также риском часто называют непосредственно предполагаемое событие, способное принести кому-либо&nbsp;<a title="Ущерб" href="https://ru.wikipedia.org/wiki/%D0%A3%D1%89%D0%B5%D1%80%D0%B1">ущерб</a>&nbsp;или&nbsp;<a title="Убыток" href="https://ru.wikipedia.org/wiki/%D0%A3%D0%B1%D1%8B%D1%82%D0%BE%D0%BA">убыток</a>r</p>', 'exp'),
(86, 84, 'Мой заголовок', '<h1>Мой тестовый <strong>зеленый</strong> <em>текст</em></h1>', 'eco'),
(87, 85, 'Стандартный текст', '<p><strong>Риск</strong>&nbsp;&mdash; сочетание&nbsp;<a title="Вероятность" href="https://ru.wikipedia.org/wiki/%D0%92%D0%B5%D1%80%D0%BE%D1%8F%D1%82%D0%BD%D0%BE%D1%81%D1%82%D1%8C">вероятности</a>&nbsp;и последствий наступления неблагоприятных событий. Знание вероятности неблагоприятного события позволяет определить вероятность благоприятных событий по формуле&nbsp;<img class="mwe-math-fallback-png-inline tex" src="https://upload.wikimedia.org/math/d/e/8/de834eac4081059d3d8cf7d1aa6d8f39.png" alt="P_{+}=1-P_{-}" />. Также риском часто называют непосредственно предполагаемое событие, способное принести кому-либо&nbsp;<a title="Ущерб" href="https://ru.wikipedia.org/wiki/%D0%A3%D1%89%D0%B5%D1%80%D0%B1">ущерб</a>&nbsp;или&nbsp;<a title="Убыток" href="https://ru.wikipedia.org/wiki/%D0%A3%D0%B1%D1%8B%D1%82%D0%BE%D0%BA">убыток</a></p>', 'exp'),
(88, 86, 'Стандартный текст', '<p><strong>Риск</strong>&nbsp;&mdash; сочетание&nbsp;<a title="Вероятность" href="https://ru.wikipedia.org/wiki/%D0%92%D0%B5%D1%80%D0%BE%D1%8F%D1%82%D0%BD%D0%BE%D1%81%D1%82%D1%8C">вероятности</a>&nbsp;и последствий наступления неблагоприятных событий. Знание вероятности неблагоприятного события позволяет определить вероятность благоприятных событий по формуле&nbsp;<img class="mwe-math-fallback-png-inline tex" src="https://upload.wikimedia.org/math/d/e/8/de834eac4081059d3d8cf7d1aa6d8f39.png" alt="P_{+}=1-P_{-}" />. Также риском часто называют непосредственно предполагаемое событие, способное принести кому-либо&nbsp;<a title="Ущерб" href="https://ru.wikipedia.org/wiki/%D0%A3%D1%89%D0%B5%D1%80%D0%B1">ущерб</a>&nbsp;или&nbsp;<a title="Убыток" href="https://ru.wikipedia.org/wiki/%D0%A3%D0%B1%D1%8B%D1%82%D0%BE%D0%BA">убыток</a>r</p>', 'eco'),
(89, 87, 'Стандартный текст', '<p><strong>Риск</strong>&nbsp;&mdash; сочетание&nbsp;<a title="Вероятность" href="https://ru.wikipedia.org/wiki/%D0%92%D0%B5%D1%80%D0%BE%D1%8F%D1%82%D0%BD%D0%BE%D1%81%D1%82%D1%8C">вероятности</a>&nbsp;и последствий наступления неблагоприятных событий. Знание вероятности неблагоприятного события позволяет определить вероятность благоприятных событий по формуле&nbsp;<img class="mwe-math-fallback-png-inline tex" src="https://upload.wikimedia.org/math/d/e/8/de834eac4081059d3d8cf7d1aa6d8f39.png" alt="P_{+}=1-P_{-}" />. Также риском часто называют непосредственно предполагаемое событие, способное принести кому-либо&nbsp;<a title="Ущерб" href="https://ru.wikipedia.org/wiki/%D0%A3%D1%89%D0%B5%D1%80%D0%B1">ущерб</a>&nbsp;или&nbsp;<a title="Убыток" href="https://ru.wikipedia.org/wiki/%D0%A3%D0%B1%D1%8B%D1%82%D0%BE%D0%BA">убыток</a>r</p>', 'eco'),
(90, 88, 'Стандартный текст', '<p><strong>Риск</strong>&nbsp;&mdash; сочетание&nbsp;<a title="Вероятность" href="https://ru.wikipedia.org/wiki/%D0%92%D0%B5%D1%80%D0%BE%D1%8F%D1%82%D0%BD%D0%BE%D1%81%D1%82%D1%8C">вероятности</a>&nbsp;и последствий наступления неблагоприятных событий. Знание вероятности неблагоприятного события позволяет определить вероятность благоприятных событий по формуле&nbsp;<img class="mwe-math-fallback-png-inline tex" src="https://upload.wikimedia.org/math/d/e/8/de834eac4081059d3d8cf7d1aa6d8f39.png" alt="P_{+}=1-P_{-}" />. Также риском часто называют непосредственно предполагаемое событие, способное принести кому-либо&nbsp;<a title="Ущерб" href="https://ru.wikipedia.org/wiki/%D0%A3%D1%89%D0%B5%D1%80%D0%B1">ущерб</a>&nbsp;или&nbsp;<a title="Убыток" href="https://ru.wikipedia.org/wiki/%D0%A3%D0%B1%D1%8B%D1%82%D0%BE%D0%BA">убыток</a>r</p>', 'eco');
INSERT INTO `userEmailContents` (`id`, `user`, `subject`, `body`, `colorScheme`) VALUES
(91, 89, 'Стандартный текст', '<p><strong>Риск</strong>&nbsp;&mdash; сочетание&nbsp;<a title="Вероятность" href="https://ru.wikipedia.org/wiki/%D0%92%D0%B5%D1%80%D0%BE%D1%8F%D1%82%D0%BD%D0%BE%D1%81%D1%82%D1%8C">вероятности</a>&nbsp;и последствий наступления неблагоприятных событий. Знание вероятности неблагоприятного события позволяет определить вероятность благоприятных событий по формуле&nbsp;<img class="mwe-math-fallback-png-inline tex" src="https://upload.wikimedia.org/math/d/e/8/de834eac4081059d3d8cf7d1aa6d8f39.png" alt="P_{+}=1-P_{-}" />. Также риском часто называют непосредственно предполагаемое событие, способное принести кому-либо&nbsp;<a title="Ущерб" href="https://ru.wikipedia.org/wiki/%D0%A3%D1%89%D0%B5%D1%80%D0%B1">ущерб</a>&nbsp;или&nbsp;<a title="Убыток" href="https://ru.wikipedia.org/wiki/%D0%A3%D0%B1%D1%8B%D1%82%D0%BE%D0%BA">убыток</a>r</p>', 'eco'),
(92, 90, 'Стандартный текст', '<p><strong>Риск</strong>&nbsp;&mdash; сочетание&nbsp;<a title="Вероятность" href="https://ru.wikipedia.org/wiki/%D0%92%D0%B5%D1%80%D0%BE%D1%8F%D1%82%D0%BD%D0%BE%D1%81%D1%82%D1%8C">вероятности</a>&nbsp;и последствий наступления неблагоприятных событий. Знание вероятности неблагоприятного события позволяет определить вероятность благоприятных событий по формуле&nbsp;<img class="mwe-math-fallback-png-inline tex" src="https://upload.wikimedia.org/math/d/e/8/de834eac4081059d3d8cf7d1aa6d8f39.png" alt="P_{+}=1-P_{-}" />. Также риском часто называют непосредственно предполагаемое событие, способное принести кому-либо&nbsp;<a title="Ущерб" href="https://ru.wikipedia.org/wiki/%D0%A3%D1%89%D0%B5%D1%80%D0%B1">ущерб</a>&nbsp;или&nbsp;<a title="Убыток" href="https://ru.wikipedia.org/wiki/%D0%A3%D0%B1%D1%8B%D1%82%D0%BE%D0%BA">убыток</a>r</p>\r\n<p>Риск&nbsp;&mdash; сочетание&nbsp;<a title="Вероятность" href="https://ru.wikipedia.org/wiki/%D0%92%D0%B5%D1%80%D0%BE%D1%8F%D1%82%D0%BD%D0%BE%D1%81%D1%82%D1%8C">вероятности</a>&nbsp;и последствий наступления неблагоприятных событий. Знание вероятности неблагоприятного события позволяет определить вероятность благоприятных событий по формуле&nbsp;<img class="mwe-math-fallback-png-inline tex" src="https://upload.wikimedia.org/math/d/e/8/de834eac4081059d3d8cf7d1aa6d8f39.png" alt="P_{+}=1-P_{-}" />. Также риском часто называют непосредственно предполагаемое событие, способное принести кому-либо&nbsp;<a title="Ущерб" href="https://ru.wikipedia.org/wiki/%D0%A3%D1%89%D0%B5%D1%80%D0%B1">ущерб</a>&nbsp;или&nbsp;<a title="Убыток" href="https://ru.wikipedia.org/wiki/%D0%A3%D0%B1%D1%8B%D1%82%D0%BE%D0%BA">убыток</a>r</p>\r\n<p>Риск&nbsp;&mdash; сочетание&nbsp;<a title="Вероятность" href="https://ru.wikipedia.org/wiki/%D0%92%D0%B5%D1%80%D0%BE%D1%8F%D1%82%D0%BD%D0%BE%D1%81%D1%82%D1%8C">вероятности</a>&nbsp;и последствий наступления неблагоприятных событий. Знание вероятности неблагоприятного события позволяет определить вероятность благоприятных событий по формуле&nbsp;<img class="mwe-math-fallback-png-inline tex" src="https://upload.wikimedia.org/math/d/e/8/de834eac4081059d3d8cf7d1aa6d8f39.png" alt="P_{+}=1-P_{-}" />. Также риском часто называют непосредственно предполагаемое событие, способное принести кому-либо&nbsp;<a title="Ущерб" href="https://ru.wikipedia.org/wiki/%D0%A3%D1%89%D0%B5%D1%80%D0%B1">ущерб</a>&nbsp;или&nbsp;<a title="Убыток" href="https://ru.wikipedia.org/wiki/%D0%A3%D0%B1%D1%8B%D1%82%D0%BE%D0%BA">убыток</a>r</p>', 'eco'),
(93, 91, 'Стандартный текст', '<p><strong>Риск</strong>&nbsp;&mdash; сочетание&nbsp;<a title="Вероятность" href="https://ru.wikipedia.org/wiki/%D0%92%D0%B5%D1%80%D0%BE%D1%8F%D1%82%D0%BD%D0%BE%D1%81%D1%82%D1%8C">вероятности</a>&nbsp;и последствий наступления неблагоприятных событий. Знание вероятности неблагоприятного события позволяет определить вероятность благоприятных событий по формуле&nbsp;<img class="mwe-math-fallback-png-inline tex" src="https://upload.wikimedia.org/math/d/e/8/de834eac4081059d3d8cf7d1aa6d8f39.png" alt="P_{+}=1-P_{-}" />. Также риском часто называют непосредственно предполагаемое событие, способное принести кому-либо&nbsp;<a title="Ущерб" href="https://ru.wikipedia.org/wiki/%D0%A3%D1%89%D0%B5%D1%80%D0%B1">ущерб</a>&nbsp;или&nbsp;<a title="Убыток" href="https://ru.wikipedia.org/wiki/%D0%A3%D0%B1%D1%8B%D1%82%D0%BE%D0%BA">убыток</a>r</p>', 'default'),
(94, 92, 'Стандартный текст', '<p><strong>Риск</strong>&nbsp;&mdash; сочетание&nbsp;<a title="Вероятность" href="https://ru.wikipedia.org/wiki/%D0%92%D0%B5%D1%80%D0%BE%D1%8F%D1%82%D0%BD%D0%BE%D1%81%D1%82%D1%8C">вероятности</a>&nbsp;и последствий наступления неблагоприятных событий. Знание вероятности неблагоприятного события позволяет определить вероятность благоприятных событий по формуле&nbsp;<img class="mwe-math-fallback-png-inline tex" src="https://upload.wikimedia.org/math/d/e/8/de834eac4081059d3d8cf7d1aa6d8f39.png" alt="P_{+}=1-P_{-}" />. Также риском часто называют непосредственно предполагаемое событие, способное принести кому-либо&nbsp;<a title="Ущерб" href="https://ru.wikipedia.org/wiki/%D0%A3%D1%89%D0%B5%D1%80%D0%B1">ущерб</a>&nbsp;или&nbsp;<a title="Убыток" href="https://ru.wikipedia.org/wiki/%D0%A3%D0%B1%D1%8B%D1%82%D0%BE%D0%BA">убыток</a>r</p>', 'default'),
(95, 93, 'Стандартный текст1', '<p><strong>Риск</strong>&nbsp;&mdash; сочетание&nbsp;<a title="Вероятность" href="https://ru.wikipedia.org/wiki/%D0%92%D0%B5%D1%80%D0%BE%D1%8F%D1%82%D0%BD%D0%BE%D1%81%D1%82%D1%8C">вероятности</a>&nbsp;и последствий наступления неблагоприятных событий. Знание вероятности неблагоприятного события позволяет определить вероятность благоприятных событий по формуле&nbsp;<img class="mwe-math-fallback-png-inline tex" src="https://upload.wikimedia.org/math/d/e/8/de834eac4081059d3d8cf7d1aa6d8f39.png" alt="P_{+}=1-P_{-}" />. Также риском часто называют непосредственно предполагаемое событие, способное принести кому-либо&nbsp;<a title="Ущерб" href="https://ru.wikipedia.org/wiki/%D0%A3%D1%89%D0%B5%D1%80%D0%B1">ущерб</a>&nbsp;или&nbsp;<a title="Убыток" href="https://ru.wikipedia.org/wiki/%D0%A3%D0%B1%D1%8B%D1%82%D0%BE%D0%BA">убыток</a></p>', 'exp'),
(96, 94, 'Стандартный текст', '<p><strong>Риск</strong>&nbsp;&mdash; сочетание&nbsp;<a title="Вероятность" href="https://ru.wikipedia.org/wiki/%D0%92%D0%B5%D1%80%D0%BE%D1%8F%D1%82%D0%BD%D0%BE%D1%81%D1%82%D1%8C">вероятности</a>&nbsp;и последствий наступления неблагоприятных событий. Знание вероятности неблагоприятного события позволяет определить вероятность благоприятных событий по формуле&nbsp;<img class="mwe-math-fallback-png-inline tex" src="https://upload.wikimedia.org/math/d/e/8/de834eac4081059d3d8cf7d1aa6d8f39.png" alt="P_{+}=1-P_{-}" />. Также риском часто называют непосредственно предполагаемое событие, способное принести кому-либо&nbsp;<a title="Ущерб" href="https://ru.wikipedia.org/wiki/%D0%A3%D1%89%D0%B5%D1%80%D0%B1">ущерб</a>&nbsp;или&nbsp;<a title="Убыток" href="https://ru.wikipedia.org/wiki/%D0%A3%D0%B1%D1%8B%D1%82%D0%BE%D0%BA">убыток</a>r</p>', 'exp'),
(97, 95, 'Стандартный текст', '<p><strong>Риск</strong>&nbsp;&mdash; сочетание&nbsp;<a title="Вероятность" href="https://ru.wikipedia.org/wiki/%D0%92%D0%B5%D1%80%D0%BE%D1%8F%D1%82%D0%BD%D0%BE%D1%81%D1%82%D1%8C">вероятности</a>&nbsp;и последствий наступления неблагоприятных событий. Знание вероятности неблагоприятного события позволяет определить вероятность благоприятных событий по формуле&nbsp;<img class="mwe-math-fallback-png-inline tex" src="https://upload.wikimedia.org/math/d/e/8/de834eac4081059d3d8cf7d1aa6d8f39.png" alt="P_{+}=1-P_{-}" />. Также риском часто называют непосредственно предполагаемое событие, способное принести кому-либо&nbsp;<a title="Ущерб" href="https://ru.wikipedia.org/wiki/%D0%A3%D1%89%D0%B5%D1%80%D0%B1">ущерб</a>&nbsp;или&nbsp;<a title="Убыток" href="https://ru.wikipedia.org/wiki/%D0%A3%D0%B1%D1%8B%D1%82%D0%BE%D0%BA">убыток</a>r</p>', 'mz'),
(98, 96, 'Стандартный текст', '<p><strong>Риск</strong>&nbsp;&mdash; сочетание&nbsp;<a title="Вероятность" href="https://ru.wikipedia.org/wiki/%D0%92%D0%B5%D1%80%D0%BE%D1%8F%D1%82%D0%BD%D0%BE%D1%81%D1%82%D1%8C">вероятности</a>&nbsp;и последствий наступления неблагоприятных событий. Знание вероятности неблагоприятного события позволяет определить вероятность благоприятных событий по формуле&nbsp;<img class="mwe-math-fallback-png-inline tex" src="https://upload.wikimedia.org/math/d/e/8/de834eac4081059d3d8cf7d1aa6d8f39.png" alt="P_{+}=1-P_{-}" />. Также риском часто называют непосредственно предполагаемое событие, способное принести кому-либо&nbsp;<a title="Ущерб" href="https://ru.wikipedia.org/wiki/%D0%A3%D1%89%D0%B5%D1%80%D0%B1">ущерб</a>&nbsp;или&nbsp;<a title="Убыток" href="https://ru.wikipedia.org/wiki/%D0%A3%D0%B1%D1%8B%D1%82%D0%BE%D0%BA">убыток</a>r</p>', 'exp'),
(99, 97, 'Для опытных моряков', '<p>Добрый день! Я <strong>моряк</strong>, прослужил на флоте более 20 лет. Хочу работать именно в вашей компании, т.к. вы можете предложить мне лучшие условия работы и оплату труда. С уважением, моряк.</p>', 'eco'),
(100, 98, 'Experience', '<p>Good day sirs! I''m a well-experienced seaman who wants to work with your company. You offer the greatest conditions. Regards, seaman.</p>', 'eco'),
(101, 99, 'Стандартный текст', '<p><strong>Риск</strong>&nbsp;&mdash; сочетание&nbsp;<a title="Вероятность" href="https://ru.wikipedia.org/wiki/%D0%92%D0%B5%D1%80%D0%BE%D1%8F%D1%82%D0%BD%D0%BE%D1%81%D1%82%D1%8C">вероятности</a>&nbsp;и последствий наступления неблагоприятных событий. Знание вероятности неблагоприятного события позволяет определить вероятность благоприятных событий по формуле&nbsp;<img class="mwe-math-fallback-png-inline tex" src="https://upload.wikimedia.org/math/d/e/8/de834eac4081059d3d8cf7d1aa6d8f39.png" alt="P_{+}=1-P_{-}" />. Также риском часто называют непосредственно предполагаемое событие, способное принести кому-либо&nbsp;<a title="Ущерб" href="https://ru.wikipedia.org/wiki/%D0%A3%D1%89%D0%B5%D1%80%D0%B1">ущерб</a>&nbsp;или&nbsp;<a title="Убыток" href="https://ru.wikipedia.org/wiki/%D0%A3%D0%B1%D1%8B%D1%82%D0%BE%D0%BA">убыток</a>r</p>', 'default'),
(102, 100, 'Стандартный текст', '<p><strong>Риск</strong>&nbsp;&mdash; сочетание&nbsp;<a title="Вероятность" href="https://ru.wikipedia.org/wiki/%D0%92%D0%B5%D1%80%D0%BE%D1%8F%D1%82%D0%BD%D0%BE%D1%81%D1%82%D1%8C">вероятности</a>&nbsp;и последствий наступления неблагоприятных событий. Знание вероятности неблагоприятного события позволяет определить вероятность благоприятных событий по формуле&nbsp;<img class="mwe-math-fallback-png-inline tex" src="https://upload.wikimedia.org/math/d/e/8/de834eac4081059d3d8cf7d1aa6d8f39.png" alt="P_{+}=1-P_{-}" />. Также риском часто называют непосредственно предполагаемое событие, способное принести кому-либо&nbsp;<a title="Ущерб" href="https://ru.wikipedia.org/wiki/%D0%A3%D1%89%D0%B5%D1%80%D0%B1">ущерб</a>&nbsp;или&nbsp;<a title="Убыток" href="https://ru.wikipedia.org/wiki/%D0%A3%D0%B1%D1%8B%D1%82%D0%BE%D0%BA">убыток</a>r</p>', 'default'),
(103, 101, 'Default Text', '<h1>HEADER 1</h1>\r\n<h2>HEADER&nbsp;<em>2</em></h2>\r\n<h3 style="text-align: right;"><em>Header 3</em></h3>\r\n<h4 style="text-align: center;"><em>Header 4</em></h4>\r\n<h5 style="text-align: right;"><em>Header 5</em></h5>\r\n<h6>Header 65</h6>\r\n<p>Donec q''uis pe'' &lt;div id= llentesque m<a href="ddd">i, ac consequat nibh. Ut lacinia est ac augue tincidunt ultricies. Proin ac erat ac diam dapibus gra</a>vida. Proin sodales tellus vitae nisi volutpat fermentum. Phasellus facilisis quam vel faucibus placerat. Proin egestas nibh lectus,&nbsp;aliquam dapibus dolor&nbsp;ultricies vitae. Cras nec varius lectus.</p>\r\n<p>Suspendisse malesuada ut purus vel feugiat. Aenean faucibus nulla nec ligula tempus, eget varius nulla dapibus. Nam ultrices sem elit, ac iaculis nulla adipiscing eget. Vestibulum non nibh congue, elementum turpis et, feugiat massa. Fusce magna lectus, eleifend ac ante sit amet, feugiat euismod felis. Ut sit amet eros quis quam placerat porta. Morbi a nisi arcu.</p>\r\n<p><a href="http://aaa.aa">aaa@aa.aa</a>&lt;div id="&nbsp;</p>\r\n<p>&nbsp;</p>\r\n<h1>HEADER 1</h1>\r\n<h2>HEADER&nbsp;<em>2</em></h2>\r\n<h3 style="text-align: right;"><em>Header 3</em></h3>\r\n<h4 style="text-align: center;"><em>Header 4</em></h4>\r\n<h5 style="text-align: right;"><em>Header 5</em></h5>\r\n<h6>Header 65</h6>\r\n<p>Donec q''uis pe'' &lt;div id= llentesque m<a href="ddd">i, ac consequat nibh. Ut lacinia est ac augue tincidunt ultricies. Proin ac erat ac diam dapibus gra</a>vida. Proin sodales tellus vitae nisi volutpat fermentum. Phasellus facilisis quam vel faucibus placerat. Proin egestas nibh lectus,&nbsp;aliquam dapibus dolor&nbsp;ultricies vitae. Cras nec varius lectus.</p>\r\n<p>Suspendisse malesuada ut purus vel feugiat. Aenean faucibus nulla nec ligula tempus, eget varius nulla dapibus. Nam ultrices sem elit, ac iaculis nulla adipiscing eget. Vestibulum non nibh congue, elementum turpis et, feugiat massa. Fusce magna lectus, eleifend ac ante sit amet, feugiat euismod felis. Ut sit amet eros quis quam placerat porta. Morbi a nisi arcu.</p>\r\n<p><a href="http://aaa.aa">aaa@aa.aa</a>&lt;div id="&nbsp;</p>', 'eco'),
(104, 102, 'Для опытных моряков', '<p>Добрый день! Я моряк, <em>прослужил</em> на <strong>флоте</strong> более 20 лет. Хочу работать именно в вашей компании, т.к. вы можете предложить мне лучшие условия работы и оплату труда. С уважением, моряк.</p>', 'exp'),
(105, 103, 'Experience', 'Good day sirs! I''m a well-experienced seaman who wants to work with your company. You offer the greatest conditions. Regards, seaman.', 'exp'),
(106, 104, 'Стандартный текст', '<p><strong>Риск</strong>&nbsp;&mdash; сочетание&nbsp;<a title="Вероятность" href="https://ru.wikipedia.org/wiki/%D0%92%D0%B5%D1%80%D0%BE%D1%8F%D1%82%D0%BD%D0%BE%D1%81%D1%82%D1%8C">вероятности</a>&nbsp;и последствий наступления неблагоприятных событий. Знание вероятности неблагоприятного события позволяет определить вероятность благоприятных событий по формуле&nbsp;<img class="mwe-math-fallback-png-inline tex" src="https://upload.wikimedia.org/math/d/e/8/de834eac4081059d3d8cf7d1aa6d8f39.png" alt="P_{+}=1-P_{-}" />. Также риском часто называют непосредственно предполагаемое событие, способное принести кому-либо&nbsp;<a title="Ущерб" href="https://ru.wikipedia.org/wiki/%D0%A3%D1%89%D0%B5%D1%80%D0%B1">ущерб</a>&nbsp;или&nbsp;<a title="Убыток" href="https://ru.wikipedia.org/wiki/%D0%A3%D0%B1%D1%8B%D1%82%D0%BE%D0%BA">убыток</a>r</p>', 'mz'),
(107, 105, 'Стандартный текст', '<p><strong>Риск</strong>&nbsp;&mdash; сочетание&nbsp;<a title="Вероятность" href="https://ru.wikipedia.org/wiki/%D0%92%D0%B5%D1%80%D0%BE%D1%8F%D1%82%D0%BD%D0%BE%D1%81%D1%82%D1%8C">вероятности</a>&nbsp;и последствий наступления неблагоприятных событий. Знание вероятности неблагоприятного события позволяет определить вероятность благоприятных событий по формуле&nbsp;<img class="mwe-math-fallback-png-inline tex" src="https://upload.wikimedia.org/math/d/e/8/de834eac4081059d3d8cf7d1aa6d8f39.png" alt="P_{+}=1-P_{-}" />. Также риском часто называют непосредственно предполагаемое событие, способное принести кому-либо&nbsp;<a title="Ущерб" href="https://ru.wikipedia.org/wiki/%D0%A3%D1%89%D0%B5%D1%80%D0%B1">ущерб</a>&nbsp;или&nbsp;<a title="Убыток" href="https://ru.wikipedia.org/wiki/%D0%A3%D0%B1%D1%8B%D1%82%D0%BE%D0%BA">убыток</a>r</p>', 'default');

-- --------------------------------------------------------

--
-- Table structure for table `userFiles`
--

DROP TABLE IF EXISTS `userFiles`;
CREATE TABLE IF NOT EXISTS `userFiles` (
  `id` int(11) NOT NULL AUTO_INCREMENT,
  `user` int(11) NOT NULL,
  `name` varchar(255) NOT NULL,
  `category` varchar(100) NOT NULL,
  `pseudonym` varchar(100) NOT NULL,
  PRIMARY KEY (`id`),
  KEY `FKUserFilesUserIndex` (`user`)
) ENGINE=InnoDB  DEFAULT CHARSET=utf8 AUTO_INCREMENT=113 ;

--
-- Dumping data for table `userFiles`
--

INSERT INTO `userFiles` (`id`, `user`, `name`, `category`, `pseudonym`) VALUES
(33, 29, 'DemnArctis_250x250.jpg', 'CVFile', 'Резюме'),
(34, 30, 'DemnArctis_250x250.jpg', 'CVFile', 'Резюме'),
(35, 31, 'DemnArctis_250x250.jpg', 'CVFile', 'Резюме'),
(36, 32, 'DemnArctis_250x250.jpg', 'CVFile', 'Резюме'),
(37, 33, 'DemnArctis_250x250.jpg', 'CVFile', 'Резюме'),
(38, 34, 'DemnArctis_250x250.jpg', 'CVFile', 'Резюме'),
(39, 35, 'DemnArctis_250x250.jpg', 'CVFile', 'Резюме'),
(40, 36, 'IOACOrderBUG.jpg', 'CVFile', 'Резюме'),
(41, 37, 'IOACOrderBUG.jpg', 'CVFile', 'Резюме'),
(42, 38, 'IOACOrderBUG.jpg', 'CVFile', 'Резюме'),
(43, 39, 'IOACOrderBUG.jpg', 'CVFile', 'Резюме'),
(44, 40, 'IOACOrderBUG.jpg', 'CVFile', 'Резюме'),
(45, 41, '2.jpg', 'CVFile', 'Резюме'),
(46, 42, '2.jpg', 'CVFile', 'Резюме'),
(47, 43, '2.jpg', 'CVFile', 'Резюме'),
(48, 44, '2.jpg', 'CVFile', 'Резюме'),
(49, 45, '2.jpg', 'CVFile', 'Резюме'),
(50, 46, '2.jpg', 'CVFile', 'Резюме'),
(51, 47, '2.jpg', 'CVFile', 'Резюме'),
(52, 48, 'Git Manual.docx', 'CVFile', 'Резюме'),
(53, 49, 'Git Manual.docx', 'CVFile', 'Резюме'),
(54, 50, 'Git Manual.docx', 'CVFile', 'Резюме'),
(55, 51, 'Git Manual.docx', 'CVFile', 'Резюме'),
(56, 52, 'Git Manual.docx', 'CVFile', 'Резюме'),
(57, 53, 'Git Manual.docx', 'CVFile', 'Резюме'),
(58, 54, 'Git Manual.docx', 'CVFile', 'Резюме'),
(59, 55, 'Git Manual.docx', 'CVFile', 'Резюме'),
(60, 56, 'Git Manual.docx', 'CVFile', 'Резюме'),
(61, 57, 'Git Manual.docx', 'CVFile', 'Резюме'),
(62, 58, 'Git Manual.docx', 'CVFile', 'Резюме'),
(63, 59, 'Git Manual.docx', 'CVFile', 'Резюме'),
(64, 60, 'Git Manual.docx', 'CVFile', 'Резюме'),
(65, 61, 'Git Manual.docx', 'CVFile', 'Резюме'),
(66, 62, 'Git Manual.docx', 'CVFile', 'Резюме'),
(67, 63, 'Git Manual.docx', 'CVFile', 'Резюме'),
(68, 64, 'Git Manual.docx', 'CVFile', 'Резюме'),
(69, 65, 'Git Manual.docx', 'CVFile', 'Резюме'),
(70, 66, 'Git Manual.docx', 'CVFile', 'Резюме'),
(71, 67, 'Hublot.docx', 'CVFile', 'Резюме'),
(72, 68, 'Git Manual.docx', 'CVFile', 'Резюме'),
(73, 69, 'Hublot.docx', 'CVFile', 'Резюме'),
(74, 70, 'Git Manual.docx', 'CVFile', 'Резюме'),
(75, 72, 'Git Manual.docx', 'CVFile', 'Резюме'),
(76, 73, 'Git Manual.docx', 'CVFile', 'Резюме'),
(77, 74, 'Git Manual.docx', 'CVFile', 'Резюме'),
(78, 75, 'Git Manual.docx', 'CVFile', 'Резюме'),
(79, 76, 'Git Manual.docx', 'CVFile', 'Резюме'),
(80, 77, 'Git Manual.docx', 'CVFile', 'Резюме'),
(81, 78, 'Git Manual.docx', 'CVFile', 'Резюме'),
(82, 79, 'Git Manual.docx', 'CVFile', 'Резюме'),
(83, 80, 'Git Manual.docx', 'CVFile', 'Резюме'),
(84, 81, 'Git Manual.docx', 'CVFile', 'Резюме'),
(85, 82, 'Git Manual.docx', 'CVFile', 'Резюме'),
(86, 83, 'Git Manual.docx', 'CVFile', 'Резюме'),
(87, 84, 'Git Manual.docx', 'CVFile', 'Резюме'),
(88, 85, 'Git Manual.docx', 'CVFile', 'Резюме'),
(89, 86, 'Git Manual.docx', 'CVFile', 'Резюме'),
(90, 87, 'Git Manual.docx', 'CVFile', 'Резюме'),
(91, 88, 'Git Manual.docx', 'CVFile', 'Резюме'),
(92, 89, 'Git Manual.docx', 'CVFile', 'Резюме'),
(93, 90, 'Git Manual.docx', 'CVFile', 'Резюме'),
(94, 91, 'Git Manual.docx', 'CVFile', 'Резюме'),
(95, 92, 'MPL_COE.doc', 'CVFile', 'Резюме'),
(96, 92, 'MPL_COE.zip', 'attachment1', 'Приложение 1'),
(97, 93, 'Git Manual.docx', 'CVFile', 'Резюме'),
(98, 94, 'Git Manual.docx', 'CVFile', 'Резюме'),
(99, 95, 'Git Manual.docx', 'CVFile', 'Резюме'),
(100, 96, 'Git Manual.docx', 'CVFile', 'Резюме'),
(101, 97, 'Hublot.docx', 'CVFile', 'Резюме'),
(102, 97, 'usb_driver_SW_Rom_P770.zip', 'attachment1', 'Приложение 1'),
(103, 97, 'utox-updater.zip', 'attachment2', 'Приложение 2'),
(104, 98, 'Hublot.docx', 'CVFile', 'Резюме'),
(105, 98, 'usb_driver_SW_Rom_P770.zip', 'attachment1', 'Приложение 1'),
(106, 99, 'Git Manual.docx', 'CVFile', 'Резюме'),
(107, 100, 'Git Manual.docx', 'CVFile', 'Резюме'),
(108, 101, 'Git Manual.docx', 'CVFile', 'Резюме'),
(109, 102, 'Hublot.docx', 'CVFile', 'Резюме'),
(110, 103, 'Hublot.docx', 'CVFile', 'Резюме'),
(111, 104, 'Git Manual.docx', 'CVFile', 'Резюме'),
(112, 105, 'Git Manual.docx', 'CVFile', 'Резюме');

-- --------------------------------------------------------

--
-- Table structure for table `userOrderedCompanies`
--

DROP TABLE IF EXISTS `userOrderedCompanies`;
CREATE TABLE IF NOT EXISTS `userOrderedCompanies` (
  `id` int(11) NOT NULL AUTO_INCREMENT,
  `user` int(11) NOT NULL,
  `companies` text NOT NULL,
  PRIMARY KEY (`id`),
  KEY `FKUserOrderedCompaniesUser_idx` (`user`)
) ENGINE=InnoDB  DEFAULT CHARSET=utf8 AUTO_INCREMENT=108 ;

--
-- Dumping data for table `userOrderedCompanies`
--

INSERT INTO `userOrderedCompanies` (`id`, `user`, `companies`) VALUES
(32, 29, '1,2,6,5,7,4'),
(33, 30, '1,2,6,5,7,3,4'),
(34, 31, '1,2,6,7,3,4'),
(35, 32, '1,2,6,5,7,3,4'),
(36, 33, '1,2,6,5,7,3,4'),
(37, 34, '1,2,7,3,4'),
(38, 35, '1'),
(39, 36, '7,3,4'),
(40, 37, '1,5,7,3,8,4,9,10'),
(41, 38, '1,2,6,8,4,9,10'),
(42, 39, '1,2,6,5,7,3,8,4,9,10'),
(43, 40, '1,2,6,5,7,3,8,4,10'),
(44, 41, '6,9'),
(45, 42, '6,9'),
(46, 43, '6,9'),
(47, 44, '6,9'),
(48, 45, '3'),
(49, 46, '1'),
(50, 47, '1'),
(51, 48, '7'),
(52, 49, '8'),
(53, 50, '35,1,4,5,8,15,51'),
(54, 51, '35,1,2,36,3,4,5,6,21,7,8,15,9,25'),
(55, 52, '35,1,2'),
(56, 53, '35,1,4,15'),
(57, 54, '35,3,5,21,8,9,51'),
(58, 55, '35,3,21,9,51'),
(59, 56, '35,3,5,9,51'),
(60, 57, '35,5,7,9,51'),
(61, 58, '35,4,6,51'),
(62, 59, '5,6,21'),
(63, 60, '35,5,15,9'),
(64, 61, '35,3,5,21,8,9,51'),
(65, 62, '35,3,5,21,8,51'),
(66, 63, '35,3,5,21,8,51'),
(67, 64, '35,3,5,21,8,51'),
(68, 65, '35,3,5,21,8,51'),
(69, 66, '1,36,5,21,15,25'),
(70, 67, '35,36,3,5,6,21,7,15,25,51'),
(71, 68, '35,51'),
(72, 69, '35,36,3,6,21,7,15,25,51'),
(73, 70, '51'),
(74, 72, '35,51'),
(75, 73, '1,3,15,51'),
(76, 74, '51'),
(77, 75, '51'),
(78, 76, '51'),
(79, 77, '51'),
(80, 78, '51'),
(81, 79, '51'),
(82, 80, '51'),
(83, 81, '51'),
(84, 82, '51'),
(85, 83, '51'),
(86, 84, '51'),
(87, 85, '67'),
(88, 86, '51,67'),
(89, 87, '51,67'),
(90, 88, '51,67'),
(91, 89, '51,67'),
(92, 90, '51,67'),
(93, 91, '51,67'),
(94, 92, '1,35,2,36,6,21,51,67'),
(95, 93, '51,67'),
(96, 94, '51,67'),
(97, 95, '51,67'),
(98, 96, '51,67'),
(99, 97, '2,6,8,25'),
(100, 98, '36,3,4,6,21,7,15,25,51,67'),
(101, 99, '1,35,2,36,3,4,5,6,21,7,8,15,9,25,51,67,84'),
(102, 100, '4,15,51,67,84'),
(103, 101, '51,67'),
(104, 102, '1,35,2,36,6,21,51,67,101,84'),
(105, 103, '1,35,2,36,6,21,51,67,101,84'),
(106, 104, '51,67,101,84'),
(107, 105, '51,67');

-- --------------------------------------------------------

--
-- Table structure for table `users`
--

DROP TABLE IF EXISTS `users`;
CREATE TABLE IF NOT EXISTS `users` (
  `id` int(11) NOT NULL AUTO_INCREMENT,
  `identificator` varchar(40) NOT NULL,
  `email` varchar(255) NOT NULL,
  PRIMARY KEY (`id`)
) ENGINE=InnoDB  DEFAULT CHARSET=utf8 AUTO_INCREMENT=106 ;

--
-- Dumping data for table `users`
--

INSERT INTO `users` (`id`, `identificator`, `email`) VALUES
(29, '0742icifcdj1m5pe3r99d2nev2', 'sassweee@m.oaaaa'),
(30, '36rh3pim97ee2o00fb8nm4upl7', 'sa@m.o'),
(31, 'l5ubaaot6uqvb74fj0rtco76u3', 'sassweee@m.o'),
(32, '3glalo0uc7nsm92iubep9in400', 'sassweee@m.owwq'),
(33, 'on06ed3gb8kon2kv8f335f93b4', 'kul_13@mail.ru'),
(34, 'irh5gjag5umao9hgeh93gq1k24', 'kul_13@mail.ru'),
(35, '38022kk9tue4dinlkcllp2plm6', 'kul_13@mail.ru'),
(36, 'av79t1asilq4ddn19au5lsh8p6', 'sassweee@m.o'),
(37, 'apq3ekmv91vah3pk7bjr41rfs2', 'sassweee@m.o'),
(38, 'b08bu1nf47t5rs1aqiu1v2vr33', 'sassweee@m.o'),
(39, 'p0p5hgt31cuqqvstlp7uf13l96', 'sassweee@m.o'),
(40, 'cgarrfccbhuapr9irg0an0ft24', 'sassweee@m.o'),
(41, '85shoudpq90toeua25mfah2is4', 'sassweee@m.o'),
(42, 'vj5g248nr92ujeved7tvtfifj3', 'sassweee@m.o'),
(43, '07umnjmtbstkpt9u1nbvug0012', 'sassweee@m.o'),
(44, 'bgg6f7kkkdj60m37ee11nld6b1', 'sa@m.o'),
(45, 'g1h0os8pcv6f7tq1sv85nntv13', 'sassweee@m.o'),
(46, 'esh2804s4p6dbmth026lpg31c3', 'd@d.l'),
(47, 's0n83o1bpo53c42fetbc5486d3', 'd@d.l'),
(48, 'nb4ujdrn94qg56lukhir7c1da0', 'sd@sd.co'),
(49, '5354kej915683lgo3bapr866u2', 'sd@sd.co'),
(50, 'oq4ldvi9e60as27i92tunvffd2', 'pinkevych@outsourcing-ukraine.com'),
(51, 'e52lelr5ia3sr5s6k8mar5u020', 'pinkevych@outsourcing-ukraine.com'),
(52, 'lnbn03bla99die2gtlknu6sej3', 'pinkevych@outsourcing-ukraine.com'),
(53, 'tbg00deacj3favbdg9ium3fpb0', 'pinkevych@outsourcing-ukraine.com'),
(54, '5smb0tce88k2bu423dptnn7944', 'dsfdfs@dfsdf.com'),
(55, 'a06gvr1vscsfqc2ka1qfmphl12', 'apinkevych@dgmail.com'),
(56, 'nahvdh776s8bhn9lo6dph8dd76', 'df@dfsdf.com'),
(57, 't72ko94dj5o1sc4453onduvpo2', 'sd@sd.co'),
(58, 'occrlfbpl0r964iep41geg3h90', 'sd@sd.co'),
(59, 'smpo2u1rr4fd1b5tqmd0ceumu2', 'sd@sd.co'),
(60, 'h0nk8ul0otdsthqbr3kmo0dqj6', 'sd@sd.co'),
(61, 'qfqjop96grvfe6b4135vi9jtj6', 'sd@sd.co'),
(62, 'la6493feuh0bd56pjo772dpon1', 'sd@sd.co'),
(63, 'horftdi940ugoo6uk2hq7ohle3', 'sd@sd.co'),
(64, '2suqcq6pamv2gttn2h7mu32030', 'sd@sd.co'),
(65, '4eia4kqhv1ig8s5eiaago46nj5', 'sd@sd.co'),
(66, 'arr59a6gaeeu7tsb7big64mrp2', 'pinchoalex@gmail.com'),
(67, 'fb9bq1g7g720m3gsbb9pk10g74', 'frey@bk.ru'),
(68, '5ojihj7udc74adlksi8kfhod15', 'pinchoalexEX@gmai.com'),
(69, 'ru6438erp89cb7vialoluiigv7', 'frey@bk.ru'),
(70, 'par9io4ubtjin84bjp5g14fnu7', 'sd@sd.co'),
(71, '0742icifcdj1m5pe3r99d2nev201', 'pinchoalex01@gmail.com'),
(72, 'tmkgcuiht9gkqv6lkap9u55163', 'sd@sd.co'),
(73, 'd3sc1n2kduad9ees261a2nnuq4', 'pinchoalex@gmail.com'),
(74, 'tnk0safjq618ga36hovheggg22', 'sd@sd.co'),
(75, 'dkv7p5r018iml8pq8fii1sa221', 'pinchoalex@gmail.com'),
(76, 'th2oknlrc6c7g76gf9a5m9ole2', 'sd@sd.co'),
(77, 'gm0fjf7eqvpgcgj85su42p6il2', 'sd@sd.co'),
(78, 'ilhsafttlu7lrr2bk6uu78hrc6', 'sd@sd.co'),
(79, 'i0c4h9eeodmik6703of0bd2111', 'sd@sd.co'),
(80, 'dh1t8nag1oq2vrpv90q6i4pbv7', 'sd@sd.co'),
(81, 'fo9g7j9uo8qhnap13856n3aj22', 'sd@sd.co'),
(82, 'os7rk7a7juhcgttkgpqupqpnr7', 'sd@sd.co'),
(83, 'vi6gtnbqmrnrnt14hccv2la852', 'dsfdfs@dfsdf.com'),
(84, 'omdr5a0135prrcj8qc1hege4k1', 'sd@sd.co'),
(85, 'enivch11rvpkdp4s776phtbab7', 'test@gmail.com'),
(86, 'bjltlju31r1u9us1j88jq6fh47', 'dsfdfs@dfsdf.com'),
(87, '5fkapk83llcrppjnoa8s9r3n32', 'pinchoalex@gmail.com'),
(88, 'lh891r5t0pimd6emo12sk9pdn0', 'pinchoalex@gmail.com'),
(89, '41cslvvsimfhasaijpr0qrrq52', 'sd@sd.co'),
(90, 'tmi8h3kla6jf2gl0teungcdma2', 'sd@sd.co'),
(91, 'oe2ju627mtpkhdnd5i3dvspq60', 'dsfdfs@dfsdf.com'),
(92, '09jcm31enfoo54on95lv7k4cq4', 'korostilenko@outsourcing-ukraine.com'),
(93, 'ejtugq7or76iinotslvo5t2031', 'dsfdfs@dfsdf.com'),
(94, 'm1mo4p9rgs4rjivte3vg39prc7', 'sd@sd.co'),
(95, 'a26ne540l5ti96thba7ienats5', 'dsfdfs@dfsdf.com'),
(96, 'u9esq1qs6tu7og7b4lb5vj9et7', 'dsfdfs@dfsdf.com'),
(97, '5n2qkoathcefibo6jlh77nqr27', 'frey@bk.ru'),
(98, '41sk0m8sk3gi1dpehdjf8adif1', 'frey@bk.ru'),
(99, '10gadiq3tg8kkiub5fr8g2mk01', 'sd@sd.co'),
(100, 'rt1u6ap4angsjspp2daqd1jk50', 'dsfdfs@dfsdf.com'),
(101, 'draer8nmb01q6arr872adaq3e1', 'sd@sd.co'),
(102, '6qqqj4qljdsje4mva6i4jq1f55', 'frey@bk.ru'),
(103, 'mspdc9vtoguk2nuk1pb4qlqjg7', 'frey@bk.ru'),
(104, 'ddb74nn6hj2qnsrp6q78j4c0c7', 'sd@sd.co'),
(105, 'qo1i99ta7uf6cjo91kfm7ppcq6', 'sd@sd.co');

--
-- Constraints for dumped tables
--

--
-- Constraints for table `emailQueue`
--
ALTER TABLE `emailQueue`
  ADD CONSTRAINT `fk_emailQueue_emailTemplate` FOREIGN KEY (`emailTemplate`) REFERENCES `emailtemplates` (`id`) ON DELETE NO ACTION ON UPDATE CASCADE;

--
-- Constraints for table `emailQueueParams`
--
ALTER TABLE `emailQueueParams`
  ADD CONSTRAINT `fk_emailQueueParams_email` FOREIGN KEY (`emailsQueueId`) REFERENCES `emailQueue` (`queueId`) ON DELETE CASCADE ON UPDATE CASCADE;

--
-- Constraints for table `Message`
--
ALTER TABLE `Message`
  ADD CONSTRAINT `FK_Message_SourceMessage` FOREIGN KEY (`id`) REFERENCES `SourceMessage` (`id`) ON DELETE CASCADE;

--
-- Constraints for table `officeregions`
--
ALTER TABLE `officeregions`
  ADD CONSTRAINT `fk_officeregions_office` FOREIGN KEY (`office`) REFERENCES `offices` (`id`) ON DELETE CASCADE ON UPDATE CASCADE;

--
-- Constraints for table `offices`
--
ALTER TABLE `offices`
  ADD CONSTRAINT `FKCompanyGeographicAreasCompany` FOREIGN KEY (`company`) REFERENCES `companies` (`id`) ON DELETE CASCADE ON UPDATE CASCADE;

--
-- Constraints for table `officeworkareas`
--
ALTER TABLE `officeworkareas`
  ADD CONSTRAINT `fk_officeworkareas_office` FOREIGN KEY (`office`) REFERENCES `offices` (`id`) ON DELETE CASCADE ON UPDATE CASCADE;

--
-- Constraints for table `orders`
--
ALTER TABLE `orders`
  ADD CONSTRAINT `fk_orders_user` FOREIGN KEY (`user`) REFERENCES `users` (`id`) ON DELETE CASCADE ON UPDATE CASCADE;

--
-- Constraints for table `payments`
--
ALTER TABLE `payments`
  ADD CONSTRAINT `fk_payment_order` FOREIGN KEY (`order`) REFERENCES `orders` (`id`) ON DELETE CASCADE ON UPDATE CASCADE;

--
-- Constraints for table `userEmailContents`
--
ALTER TABLE `userEmailContents`
  ADD CONSTRAINT `fk_useremailcontents_user` FOREIGN KEY (`user`) REFERENCES `users` (`id`) ON DELETE CASCADE ON UPDATE CASCADE;

--
-- Constraints for table `userFiles`
--
ALTER TABLE `userFiles`
  ADD CONSTRAINT `fk_userfiles_user` FOREIGN KEY (`user`) REFERENCES `users` (`id`) ON DELETE CASCADE ON UPDATE CASCADE;

--
-- Constraints for table `userOrderedCompanies`
--
ALTER TABLE `userOrderedCompanies`
  ADD CONSTRAINT `fk_userorderedcompanies_user` FOREIGN KEY (`user`) REFERENCES `users` (`id`) ON DELETE CASCADE ON UPDATE CASCADE;

/*!40101 SET CHARACTER_SET_CLIENT=@OLD_CHARACTER_SET_CLIENT */;
/*!40101 SET CHARACTER_SET_RESULTS=@OLD_CHARACTER_SET_RESULTS */;
/*!40101 SET COLLATION_CONNECTION=@OLD_COLLATION_CONNECTION */;
